DATAFLOW,LAST UPDATE,freq,unit,na_item,geo,TIME_PERIOD,OBS_VALUE,OBS_FLAG,CONF_STATUS
ESTAT:TIPSNA40(1.0),20/03/25 11:00:00,Annual,"Chain linked volumes (2015), euro per capita",Gross domestic product at market prices,Austria,2015,39640,,
ESTAT:TIPSNA40(1.0),20/03/25 11:00:00,Annual,"Chain linked volumes (2015), euro per capita",Gross domestic product at market prices,Austria,2016,39970,,
ESTAT:TIPSNA40(1.0),20/03/25 11:00:00,Annual,"Chain linked volumes (2015), euro per capita",Gross domestic product at market prices,Austria,2017,40620,,
ESTAT:TIPSNA40(1.0),20/03/25 11:00:00,Annual,"Chain linked volumes (2015), euro per capita",Gross domestic product at market prices,Austria,2018,41430,,
ESTAT:TIPSNA40(1.0),20/03/25 11:00:00,Annual,"Chain linked volumes (2015), euro per capita",Gross domestic product at market prices,Austria,2019,41970,,
ESTAT:TIPSNA40(1.0),20/03/25 11:00:00,Annual,"Chain linked volumes (2015), euro per capita",Gross domestic product at market prices,Austria,2020,39140,,
ESTAT:TIPSNA40(1.0),20/03/25 11:00:00,Annual,"Chain linked volumes (2015), euro per capita",Gross domestic product at market prices,Austria,2021,40860,,
ESTAT:TIPSNA40(1.0),20/03/25 11:00:00,Annual,"Chain linked volumes (2015), euro per capita",Gross domestic product at market prices,Austria,2022,42540,,
ESTAT:TIPSNA40(1.0),20/03/25 11:00:00,Annual,"Chain linked volumes (2015), euro per capita",Gross domestic product at market prices,Austria,2023,41770,,
ESTAT:TIPSNA40(1.0),20/03/25 11:00:00,Annual,"Chain linked volumes (2015), euro per capita",Gross domestic product at market prices,Austria,2024,41050,,
ESTAT:TIPSNA40(1.0),20/03/25 11:00:00,Annual,"Chain linked volumes (2015), euro per capita",Gross domestic product at market prices,Belgium,2015,36860,,
ESTAT:TIPSNA40(1.0),20/03/25 11:00:00,Annual,"Chain linked volumes (2015), euro per capita",Gross domestic product at market prices,Belgium,2016,37110,,
ESTAT:TIPSNA40(1.0),20/03/25 11:00:00,Annual,"Chain linked volumes (2015), euro per capita",Gross domestic product at market prices,Belgium,2017,37510,,
ESTAT:TIPSNA40(1.0),20/03/25 11:00:00,Annual,"Chain linked volumes (2015), euro per capita",Gross domestic product at market prices,Belgium,2018,38040,,
ESTAT:TIPSNA40(1.0),20/03/25 11:00:00,Annual,"Chain linked volumes (2015), euro per capita",Gross domestic product at market prices,Belgium,2019,38760,,
ESTAT:TIPSNA40(1.0),20/03/25 11:00:00,Annual,"Chain linked volumes (2015), euro per capita",Gross domestic product at market prices,Belgium,2020,36740,,
ESTAT:TIPSNA40(1.0),20/03/25 11:00:00,Annual,"Chain linked volumes (2015), euro per capita",Gross domestic product at market prices,Belgium,2021,38860,,
ESTAT:TIPSNA40(1.0),20/03/25 11:00:00,Annual,"Chain linked volumes (2015), euro per capita",Gross domestic product at market prices,Belgium,2022,40180,,
ESTAT:TIPSNA40(1.0),20/03/25 11:00:00,Annual,"Chain linked volumes (2015), euro per capita",Gross domestic product at market prices,Belgium,2023,40340,p,
ESTAT:TIPSNA40(1.0),20/03/25 11:00:00,Annual,"Chain linked volumes (2015), euro per capita",Gross domestic product at market prices,Belgium,2024,40500,p,
ESTAT:TIPSNA40(1.0),20/03/25 11:00:00,Annual,"Chain linked volumes (2015), euro per capita",Gross domestic product at market prices,Bulgaria,2015,6560,,
ESTAT:TIPSNA40(1.0),20/03/25 11:00:00,Annual,"Chain linked volumes (2015), euro per capita",Gross domestic product at market prices,Bulgaria,2016,6840,,
ESTAT:TIPSNA40(1.0),20/03/25 11:00:00,Annual,"Chain linked volumes (2015), euro per capita",Gross domestic product at market prices,Bulgaria,2017,7130,,
ESTAT:TIPSNA40(1.0),20/03/25 11:00:00,Annual,"Chain linked volumes (2015), euro per capita",Gross domestic product at market prices,Bulgaria,2018,7410,,
ESTAT:TIPSNA40(1.0),20/03/25 11:00:00,Annual,"Chain linked volumes (2015), euro per capita",Gross domestic product at market prices,Bulgaria,2019,7800,,
ESTAT:TIPSNA40(1.0),20/03/25 11:00:00,Annual,"Chain linked volumes (2015), euro per capita",Gross domestic product at market prices,Bulgaria,2020,7620,,
ESTAT:TIPSNA40(1.0),20/03/25 11:00:00,Annual,"Chain linked volumes (2015), euro per capita",Gross domestic product at market prices,Bulgaria,2021,8270,,
ESTAT:TIPSNA40(1.0),20/03/25 11:00:00,Annual,"Chain linked volumes (2015), euro per capita",Gross domestic product at market prices,Bulgaria,2022,8660,,
ESTAT:TIPSNA40(1.0),20/03/25 11:00:00,Annual,"Chain linked volumes (2015), euro per capita",Gross domestic product at market prices,Bulgaria,2023,8850,,
ESTAT:TIPSNA40(1.0),20/03/25 11:00:00,Annual,"Chain linked volumes (2015), euro per capita",Gross domestic product at market prices,Bulgaria,2024,9110,p,
ESTAT:TIPSNA40(1.0),20/03/25 11:00:00,Annual,"Chain linked volumes (2015), euro per capita",Gross domestic product at market prices,Cyprus,2015,20810,,
ESTAT:TIPSNA40(1.0),20/03/25 11:00:00,Annual,"Chain linked volumes (2015), euro per capita",Gross domestic product at market prices,Cyprus,2016,22060,,
ESTAT:TIPSNA40(1.0),20/03/25 11:00:00,Annual,"Chain linked volumes (2015), euro per capita",Gross domestic product at market prices,Cyprus,2017,23130,,
ESTAT:TIPSNA40(1.0),20/03/25 11:00:00,Annual,"Chain linked volumes (2015), euro per capita",Gross domestic product at market prices,Cyprus,2018,24300,,
ESTAT:TIPSNA40(1.0),20/03/25 11:00:00,Annual,"Chain linked volumes (2015), euro per capita",Gross domestic product at market prices,Cyprus,2019,25390,,
ESTAT:TIPSNA40(1.0),20/03/25 11:00:00,Annual,"Chain linked volumes (2015), euro per capita",Gross domestic product at market prices,Cyprus,2020,24240,,
ESTAT:TIPSNA40(1.0),20/03/25 11:00:00,Annual,"Chain linked volumes (2015), euro per capita",Gross domestic product at market prices,Cyprus,2021,26600,,
ESTAT:TIPSNA40(1.0),20/03/25 11:00:00,Annual,"Chain linked volumes (2015), euro per capita",Gross domestic product at market prices,Cyprus,2022,28030,,
ESTAT:TIPSNA40(1.0),20/03/25 11:00:00,Annual,"Chain linked volumes (2015), euro per capita",Gross domestic product at market prices,Cyprus,2023,28220,p,
ESTAT:TIPSNA40(1.0),20/03/25 11:00:00,Annual,"Chain linked volumes (2015), euro per capita",Gross domestic product at market prices,Cyprus,2024,28720,p,
ESTAT:TIPSNA40(1.0),20/03/25 11:00:00,Annual,"Chain linked volumes (2015), euro per capita",Gross domestic product at market prices,Czechia,2015,16230,,
ESTAT:TIPSNA40(1.0),20/03/25 11:00:00,Annual,"Chain linked volumes (2015), euro per capita",Gross domestic product at market prices,Czechia,2016,16640,,
ESTAT:TIPSNA40(1.0),20/03/25 11:00:00,Annual,"Chain linked volumes (2015), euro per capita",Gross domestic product at market prices,Czechia,2017,17490,,
ESTAT:TIPSNA40(1.0),20/03/25 11:00:00,Annual,"Chain linked volumes (2015), euro per capita",Gross domestic product at market prices,Czechia,2018,17960,,
ESTAT:TIPSNA40(1.0),20/03/25 11:00:00,Annual,"Chain linked volumes (2015), euro per capita",Gross domestic product at market prices,Czechia,2019,18570,,
ESTAT:TIPSNA40(1.0),20/03/25 11:00:00,Annual,"Chain linked volumes (2015), euro per capita",Gross domestic product at market prices,Czechia,2020,17670,,
ESTAT:TIPSNA40(1.0),20/03/25 11:00:00,Annual,"Chain linked volumes (2015), euro per capita",Gross domestic product at market prices,Czechia,2021,18380,,
ESTAT:TIPSNA40(1.0),20/03/25 11:00:00,Annual,"Chain linked volumes (2015), euro per capita",Gross domestic product at market prices,Czechia,2022,18450,,
ESTAT:TIPSNA40(1.0),20/03/25 11:00:00,Annual,"Chain linked volumes (2015), euro per capita",Gross domestic product at market prices,Czechia,2023,18240,,
ESTAT:TIPSNA40(1.0),20/03/25 11:00:00,Annual,"Chain linked volumes (2015), euro per capita",Gross domestic product at market prices,Czechia,2024,18420,,
ESTAT:TIPSNA40(1.0),20/03/25 11:00:00,Annual,"Chain linked volumes (2015), euro per capita",Gross domestic product at market prices,Germany,2015,37770,,
ESTAT:TIPSNA40(1.0),20/03/25 11:00:00,Annual,"Chain linked volumes (2015), euro per capita",Gross domestic product at market prices,Germany,2016,38330,,
ESTAT:TIPSNA40(1.0),20/03/25 11:00:00,Annual,"Chain linked volumes (2015), euro per capita",Gross domestic product at market prices,Germany,2017,39220,,
ESTAT:TIPSNA40(1.0),20/03/25 11:00:00,Annual,"Chain linked volumes (2015), euro per capita",Gross domestic product at market prices,Germany,2018,39540,,
ESTAT:TIPSNA40(1.0),20/03/25 11:00:00,Annual,"Chain linked volumes (2015), euro per capita",Gross domestic product at market prices,Germany,2019,39840,,
ESTAT:TIPSNA40(1.0),20/03/25 11:00:00,Annual,"Chain linked volumes (2015), euro per capita",Gross domestic product at market prices,Germany,2020,38180,,
ESTAT:TIPSNA40(1.0),20/03/25 11:00:00,Annual,"Chain linked volumes (2015), euro per capita",Gross domestic product at market prices,Germany,2021,39570,p,
ESTAT:TIPSNA40(1.0),20/03/25 11:00:00,Annual,"Chain linked volumes (2015), euro per capita",Gross domestic product at market prices,Germany,2022,39820,p,
ESTAT:TIPSNA40(1.0),20/03/25 11:00:00,Annual,"Chain linked volumes (2015), euro per capita",Gross domestic product at market prices,Germany,2023,39380,p,
ESTAT:TIPSNA40(1.0),20/03/25 11:00:00,Annual,"Chain linked volumes (2015), euro per capita",Gross domestic product at market prices,Germany,2024,39190,p,
ESTAT:TIPSNA40(1.0),20/03/25 11:00:00,Annual,"Chain linked volumes (2015), euro per capita",Gross domestic product at market prices,Denmark,2015,47900,,
ESTAT:TIPSNA40(1.0),20/03/25 11:00:00,Annual,"Chain linked volumes (2015), euro per capita",Gross domestic product at market prices,Denmark,2016,48970,,
ESTAT:TIPSNA40(1.0),20/03/25 11:00:00,Annual,"Chain linked volumes (2015), euro per capita",Gross domestic product at market prices,Denmark,2017,50150,,
ESTAT:TIPSNA40(1.0),20/03/25 11:00:00,Annual,"Chain linked volumes (2015), euro per capita",Gross domestic product at market prices,Denmark,2018,50830,,
ESTAT:TIPSNA40(1.0),20/03/25 11:00:00,Annual,"Chain linked volumes (2015), euro per capita",Gross domestic product at market prices,Denmark,2019,51500,,
ESTAT:TIPSNA40(1.0),20/03/25 11:00:00,Annual,"Chain linked volumes (2015), euro per capita",Gross domestic product at market prices,Denmark,2020,50470,,
ESTAT:TIPSNA40(1.0),20/03/25 11:00:00,Annual,"Chain linked volumes (2015), euro per capita",Gross domestic product at market prices,Denmark,2021,53970,,
ESTAT:TIPSNA40(1.0),20/03/25 11:00:00,Annual,"Chain linked volumes (2015), euro per capita",Gross domestic product at market prices,Denmark,2022,54310,,
ESTAT:TIPSNA40(1.0),20/03/25 11:00:00,Annual,"Chain linked volumes (2015), euro per capita",Gross domestic product at market prices,Denmark,2023,55280,,
ESTAT:TIPSNA40(1.0),20/03/25 11:00:00,Annual,"Chain linked volumes (2015), euro per capita",Gross domestic product at market prices,Denmark,2024,56980,,
ESTAT:TIPSNA40(1.0),20/03/25 11:00:00,Annual,"Chain linked volumes (2015), euro per capita",Gross domestic product at market prices,Estonia,2015,16000,,
ESTAT:TIPSNA40(1.0),20/03/25 11:00:00,Annual,"Chain linked volumes (2015), euro per capita",Gross domestic product at market prices,Estonia,2016,16460,,
ESTAT:TIPSNA40(1.0),20/03/25 11:00:00,Annual,"Chain linked volumes (2015), euro per capita",Gross domestic product at market prices,Estonia,2017,17390,,
ESTAT:TIPSNA40(1.0),20/03/25 11:00:00,Annual,"Chain linked volumes (2015), euro per capita",Gross domestic product at market prices,Estonia,2018,17990,,
ESTAT:TIPSNA40(1.0),20/03/25 11:00:00,Annual,"Chain linked volumes (2015), euro per capita",Gross domestic product at market prices,Estonia,2019,18580,,
ESTAT:TIPSNA40(1.0),20/03/25 11:00:00,Annual,"Chain linked volumes (2015), euro per capita",Gross domestic product at market prices,Estonia,2020,17990,,
ESTAT:TIPSNA40(1.0),20/03/25 11:00:00,Annual,"Chain linked volumes (2015), euro per capita",Gross domestic product at market prices,Estonia,2021,19260,,
ESTAT:TIPSNA40(1.0),20/03/25 11:00:00,Annual,"Chain linked volumes (2015), euro per capita",Gross domestic product at market prices,Estonia,2022,19240,,
ESTAT:TIPSNA40(1.0),20/03/25 11:00:00,Annual,"Chain linked volumes (2015), euro per capita",Gross domestic product at market prices,Estonia,2023,18200,,
ESTAT:TIPSNA40(1.0),20/03/25 11:00:00,Annual,"Chain linked volumes (2015), euro per capita",Gross domestic product at market prices,Estonia,2024,18030,,
ESTAT:TIPSNA40(1.0),20/03/25 11:00:00,Annual,"Chain linked volumes (2015), euro per capita",Gross domestic product at market prices,Greece,2015,16210,,
ESTAT:TIPSNA40(1.0),20/03/25 11:00:00,Annual,"Chain linked volumes (2015), euro per capita",Gross domestic product at market prices,Greece,2016,16270,,
ESTAT:TIPSNA40(1.0),20/03/25 11:00:00,Annual,"Chain linked volumes (2015), euro per capita",Gross domestic product at market prices,Greece,2017,16540,,
ESTAT:TIPSNA40(1.0),20/03/25 11:00:00,Annual,"Chain linked volumes (2015), euro per capita",Gross domestic product at market prices,Greece,2018,16920,,
ESTAT:TIPSNA40(1.0),20/03/25 11:00:00,Annual,"Chain linked volumes (2015), euro per capita",Gross domestic product at market prices,Greece,2019,17320,,
ESTAT:TIPSNA40(1.0),20/03/25 11:00:00,Annual,"Chain linked volumes (2015), euro per capita",Gross domestic product at market prices,Greece,2020,15760,,
ESTAT:TIPSNA40(1.0),20/03/25 11:00:00,Annual,"Chain linked volumes (2015), euro per capita",Gross domestic product at market prices,Greece,2021,17220,,
ESTAT:TIPSNA40(1.0),20/03/25 11:00:00,Annual,"Chain linked volumes (2015), euro per capita",Gross domestic product at market prices,Greece,2022,18310,p,
ESTAT:TIPSNA40(1.0),20/03/25 11:00:00,Annual,"Chain linked volumes (2015), euro per capita",Gross domestic product at market prices,Greece,2023,18800,p,
ESTAT:TIPSNA40(1.0),20/03/25 11:00:00,Annual,"Chain linked volumes (2015), euro per capita",Gross domestic product at market prices,Greece,2024,19250,p,
ESTAT:TIPSNA40(1.0),20/03/25 11:00:00,Annual,"Chain linked volumes (2015), euro per capita",Gross domestic product at market prices,Spain,2015,23440,,
ESTAT:TIPSNA40(1.0),20/03/25 11:00:00,Annual,"Chain linked volumes (2015), euro per capita",Gross domestic product at market prices,Spain,2016,24100,,
ESTAT:TIPSNA40(1.0),20/03/25 11:00:00,Annual,"Chain linked volumes (2015), euro per capita",Gross domestic product at market prices,Spain,2017,24750,,
ESTAT:TIPSNA40(1.0),20/03/25 11:00:00,Annual,"Chain linked volumes (2015), euro per capita",Gross domestic product at market prices,Spain,2018,25230,,
ESTAT:TIPSNA40(1.0),20/03/25 11:00:00,Annual,"Chain linked volumes (2015), euro per capita",Gross domestic product at market prices,Spain,2019,25520,,
ESTAT:TIPSNA40(1.0),20/03/25 11:00:00,Annual,"Chain linked volumes (2015), euro per capita",Gross domestic product at market prices,Spain,2020,22610,,
ESTAT:TIPSNA40(1.0),20/03/25 11:00:00,Annual,"Chain linked volumes (2015), euro per capita",Gross domestic product at market prices,Spain,2021,24120,,
ESTAT:TIPSNA40(1.0),20/03/25 11:00:00,Annual,"Chain linked volumes (2015), euro per capita",Gross domestic product at market prices,Spain,2022,25380,p,
ESTAT:TIPSNA40(1.0),20/03/25 11:00:00,Annual,"Chain linked volumes (2015), euro per capita",Gross domestic product at market prices,Spain,2023,25730,p,
ESTAT:TIPSNA40(1.0),20/03/25 11:00:00,Annual,"Chain linked volumes (2015), euro per capita",Gross domestic product at market prices,Spain,2024,26320,p,
ESTAT:TIPSNA40(1.0),20/03/25 11:00:00,Annual,"Chain linked volumes (2015), euro per capita",Gross domestic product at market prices,Finland,2015,38350,,
ESTAT:TIPSNA40(1.0),20/03/25 11:00:00,Annual,"Chain linked volumes (2015), euro per capita",Gross domestic product at market prices,Finland,2016,39230,,
ESTAT:TIPSNA40(1.0),20/03/25 11:00:00,Annual,"Chain linked volumes (2015), euro per capita",Gross domestic product at market prices,Finland,2017,40430,,
ESTAT:TIPSNA40(1.0),20/03/25 11:00:00,Annual,"Chain linked volumes (2015), euro per capita",Gross domestic product at market prices,Finland,2018,40860,,
ESTAT:TIPSNA40(1.0),20/03/25 11:00:00,Annual,"Chain linked volumes (2015), euro per capita",Gross domestic product at market prices,Finland,2019,41370,,
ESTAT:TIPSNA40(1.0),20/03/25 11:00:00,Annual,"Chain linked volumes (2015), euro per capita",Gross domestic product at market prices,Finland,2020,40270,,
ESTAT:TIPSNA40(1.0),20/03/25 11:00:00,Annual,"Chain linked volumes (2015), euro per capita",Gross domestic product at market prices,Finland,2021,41270,,
ESTAT:TIPSNA40(1.0),20/03/25 11:00:00,Annual,"Chain linked volumes (2015), euro per capita",Gross domestic product at market prices,Finland,2022,41470,,
ESTAT:TIPSNA40(1.0),20/03/25 11:00:00,Annual,"Chain linked volumes (2015), euro per capita",Gross domestic product at market prices,Finland,2023,40920,,
ESTAT:TIPSNA40(1.0),20/03/25 11:00:00,Annual,"Chain linked volumes (2015), euro per capita",Gross domestic product at market prices,Finland,2024,40580,,
ESTAT:TIPSNA40(1.0),20/03/25 11:00:00,Annual,"Chain linked volumes (2015), euro per capita",Gross domestic product at market prices,France,2015,33200,,
ESTAT:TIPSNA40(1.0),20/03/25 11:00:00,Annual,"Chain linked volumes (2015), euro per capita",Gross domestic product at market prices,France,2016,33360,,
ESTAT:TIPSNA40(1.0),20/03/25 11:00:00,Annual,"Chain linked volumes (2015), euro per capita",Gross domestic product at market prices,France,2017,33920,,
ESTAT:TIPSNA40(1.0),20/03/25 11:00:00,Annual,"Chain linked volumes (2015), euro per capita",Gross domestic product at market prices,France,2018,34320,,
ESTAT:TIPSNA40(1.0),20/03/25 11:00:00,Annual,"Chain linked volumes (2015), euro per capita",Gross domestic product at market prices,France,2019,34880,,
ESTAT:TIPSNA40(1.0),20/03/25 11:00:00,Annual,"Chain linked volumes (2015), euro per capita",Gross domestic product at market prices,France,2020,32170,,
ESTAT:TIPSNA40(1.0),20/03/25 11:00:00,Annual,"Chain linked volumes (2015), euro per capita",Gross domestic product at market prices,France,2021,34260,,
ESTAT:TIPSNA40(1.0),20/03/25 11:00:00,Annual,"Chain linked volumes (2015), euro per capita",Gross domestic product at market prices,France,2022,35040,p,
ESTAT:TIPSNA40(1.0),20/03/25 11:00:00,Annual,"Chain linked volumes (2015), euro per capita",Gross domestic product at market prices,France,2023,35260,p,
ESTAT:TIPSNA40(1.0),20/03/25 11:00:00,Annual,"Chain linked volumes (2015), euro per capita",Gross domestic product at market prices,France,2024,35540,p,
ESTAT:TIPSNA40(1.0),20/03/25 11:00:00,Annual,"Chain linked volumes (2015), euro per capita",Gross domestic product at market prices,Croatia,2015,10810,,
ESTAT:TIPSNA40(1.0),20/03/25 11:00:00,Annual,"Chain linked volumes (2015), euro per capita",Gross domestic product at market prices,Croatia,2016,11280,,
ESTAT:TIPSNA40(1.0),20/03/25 11:00:00,Annual,"Chain linked volumes (2015), euro per capita",Gross domestic product at market prices,Croatia,2017,11770,,
ESTAT:TIPSNA40(1.0),20/03/25 11:00:00,Annual,"Chain linked volumes (2015), euro per capita",Gross domestic product at market prices,Croatia,2018,12230,,
ESTAT:TIPSNA40(1.0),20/03/25 11:00:00,Annual,"Chain linked volumes (2015), euro per capita",Gross domestic product at market prices,Croatia,2019,12940,b,
ESTAT:TIPSNA40(1.0),20/03/25 11:00:00,Annual,"Chain linked volumes (2015), euro per capita",Gross domestic product at market prices,Croatia,2020,11970,,
ESTAT:TIPSNA40(1.0),20/03/25 11:00:00,Annual,"Chain linked volumes (2015), euro per capita",Gross domestic product at market prices,Croatia,2021,13580,,
ESTAT:TIPSNA40(1.0),20/03/25 11:00:00,Annual,"Chain linked volumes (2015), euro per capita",Gross domestic product at market prices,Croatia,2022,14580,,
ESTAT:TIPSNA40(1.0),20/03/25 11:00:00,Annual,"Chain linked volumes (2015), euro per capita",Gross domestic product at market prices,Croatia,2023,14970,p,
ESTAT:TIPSNA40(1.0),20/03/25 11:00:00,Annual,"Chain linked volumes (2015), euro per capita",Gross domestic product at market prices,Croatia,2024,15560,p,
ESTAT:TIPSNA40(1.0),20/03/25 11:00:00,Annual,"Chain linked volumes (2015), euro per capita",Gross domestic product at market prices,Hungary,2015,11520,,
ESTAT:TIPSNA40(1.0),20/03/25 11:00:00,Annual,"Chain linked volumes (2015), euro per capita",Gross domestic product at market prices,Hungary,2016,11850,,
ESTAT:TIPSNA40(1.0),20/03/25 11:00:00,Annual,"Chain linked volumes (2015), euro per capita",Gross domestic product at market prices,Hungary,2017,12380,,
ESTAT:TIPSNA40(1.0),20/03/25 11:00:00,Annual,"Chain linked volumes (2015), euro per capita",Gross domestic product at market prices,Hungary,2018,13100,,
ESTAT:TIPSNA40(1.0),20/03/25 11:00:00,Annual,"Chain linked volumes (2015), euro per capita",Gross domestic product at market prices,Hungary,2019,13780,,
ESTAT:TIPSNA40(1.0),20/03/25 11:00:00,Annual,"Chain linked volumes (2015), euro per capita",Gross domestic product at market prices,Hungary,2020,13210,,
ESTAT:TIPSNA40(1.0),20/03/25 11:00:00,Annual,"Chain linked volumes (2015), euro per capita",Gross domestic product at market prices,Hungary,2021,14210,,
ESTAT:TIPSNA40(1.0),20/03/25 11:00:00,Annual,"Chain linked volumes (2015), euro per capita",Gross domestic product at market prices,Hungary,2022,14860,,
ESTAT:TIPSNA40(1.0),20/03/25 11:00:00,Annual,"Chain linked volumes (2015), euro per capita",Gross domestic product at market prices,Hungary,2023,14740,p,
ESTAT:TIPSNA40(1.0),20/03/25 11:00:00,Annual,"Chain linked volumes (2015), euro per capita",Gross domestic product at market prices,Hungary,2024,14860,p,
ESTAT:TIPSNA40(1.0),20/03/25 11:00:00,Annual,"Chain linked volumes (2015), euro per capita",Gross domestic product at market prices,Ireland,2015,58040,,
ESTAT:TIPSNA40(1.0),20/03/25 11:00:00,Annual,"Chain linked volumes (2015), euro per capita",Gross domestic product at market prices,Ireland,2016,58050,,
ESTAT:TIPSNA40(1.0),20/03/25 11:00:00,Annual,"Chain linked volumes (2015), euro per capita",Gross domestic product at market prices,Ireland,2017,62970,,
ESTAT:TIPSNA40(1.0),20/03/25 11:00:00,Annual,"Chain linked volumes (2015), euro per capita",Gross domestic product at market prices,Ireland,2018,66760,,
ESTAT:TIPSNA40(1.0),20/03/25 11:00:00,Annual,"Chain linked volumes (2015), euro per capita",Gross domestic product at market prices,Ireland,2019,69040,,
ESTAT:TIPSNA40(1.0),20/03/25 11:00:00,Annual,"Chain linked volumes (2015), euro per capita",Gross domestic product at market prices,Ireland,2020,73000,,
ESTAT:TIPSNA40(1.0),20/03/25 11:00:00,Annual,"Chain linked volumes (2015), euro per capita",Gross domestic product at market prices,Ireland,2021,83910,,
ESTAT:TIPSNA40(1.0),20/03/25 11:00:00,Annual,"Chain linked volumes (2015), euro per capita",Gross domestic product at market prices,Ireland,2022,89250,,
ESTAT:TIPSNA40(1.0),20/03/25 11:00:00,Annual,"Chain linked volumes (2015), euro per capita",Gross domestic product at market prices,Ireland,2023,82780,,
ESTAT:TIPSNA40(1.0),20/03/25 11:00:00,Annual,"Chain linked volumes (2015), euro per capita",Gross domestic product at market prices,Ireland,2024,82410,,
ESTAT:TIPSNA40(1.0),20/03/25 11:00:00,Annual,"Chain linked volumes (2015), euro per capita",Gross domestic product at market prices,Italy,2015,27620,,
ESTAT:TIPSNA40(1.0),20/03/25 11:00:00,Annual,"Chain linked volumes (2015), euro per capita",Gross domestic product at market prices,Italy,2016,28010,,
ESTAT:TIPSNA40(1.0),20/03/25 11:00:00,Annual,"Chain linked volumes (2015), euro per capita",Gross domestic product at market prices,Italy,2017,28510,,
ESTAT:TIPSNA40(1.0),20/03/25 11:00:00,Annual,"Chain linked volumes (2015), euro per capita",Gross domestic product at market prices,Italy,2018,28810,,
ESTAT:TIPSNA40(1.0),20/03/25 11:00:00,Annual,"Chain linked volumes (2015), euro per capita",Gross domestic product at market prices,Italy,2019,29000,,
ESTAT:TIPSNA40(1.0),20/03/25 11:00:00,Annual,"Chain linked volumes (2015), euro per capita",Gross domestic product at market prices,Italy,2020,26560,,
ESTAT:TIPSNA40(1.0),20/03/25 11:00:00,Annual,"Chain linked volumes (2015), euro per capita",Gross domestic product at market prices,Italy,2021,29080,,
ESTAT:TIPSNA40(1.0),20/03/25 11:00:00,Annual,"Chain linked volumes (2015), euro per capita",Gross domestic product at market prices,Italy,2022,30550,,
ESTAT:TIPSNA40(1.0),20/03/25 11:00:00,Annual,"Chain linked volumes (2015), euro per capita",Gross domestic product at market prices,Italy,2023,30780,,
ESTAT:TIPSNA40(1.0),20/03/25 11:00:00,Annual,"Chain linked volumes (2015), euro per capita",Gross domestic product at market prices,Italy,2024,31010,e,
ESTAT:TIPSNA40(1.0),20/03/25 11:00:00,Annual,"Chain linked volumes (2015), euro per capita",Gross domestic product at market prices,Lithuania,2015,12860,,
ESTAT:TIPSNA40(1.0),20/03/25 11:00:00,Annual,"Chain linked volumes (2015), euro per capita",Gross domestic product at market prices,Lithuania,2016,13360,,
ESTAT:TIPSNA40(1.0),20/03/25 11:00:00,Annual,"Chain linked volumes (2015), euro per capita",Gross domestic product at market prices,Lithuania,2017,14150,,
ESTAT:TIPSNA40(1.0),20/03/25 11:00:00,Annual,"Chain linked volumes (2015), euro per capita",Gross domestic product at market prices,Lithuania,2018,14970,,
ESTAT:TIPSNA40(1.0),20/03/25 11:00:00,Annual,"Chain linked volumes (2015), euro per capita",Gross domestic product at market prices,Lithuania,2019,15710,,
ESTAT:TIPSNA40(1.0),20/03/25 11:00:00,Annual,"Chain linked volumes (2015), euro per capita",Gross domestic product at market prices,Lithuania,2020,15720,,
ESTAT:TIPSNA40(1.0),20/03/25 11:00:00,Annual,"Chain linked volumes (2015), euro per capita",Gross domestic product at market prices,Lithuania,2021,16740,,
ESTAT:TIPSNA40(1.0),20/03/25 11:00:00,Annual,"Chain linked volumes (2015), euro per capita",Gross domestic product at market prices,Lithuania,2022,17020,,
ESTAT:TIPSNA40(1.0),20/03/25 11:00:00,Annual,"Chain linked volumes (2015), euro per capita",Gross domestic product at market prices,Lithuania,2023,16840,,
ESTAT:TIPSNA40(1.0),20/03/25 11:00:00,Annual,"Chain linked volumes (2015), euro per capita",Gross domestic product at market prices,Lithuania,2024,17200,,
ESTAT:TIPSNA40(1.0),20/03/25 11:00:00,Annual,"Chain linked volumes (2015), euro per capita",Gross domestic product at market prices,Luxembourg,2015,95090,,
ESTAT:TIPSNA40(1.0),20/03/25 11:00:00,Annual,"Chain linked volumes (2015), euro per capita",Gross domestic product at market prices,Luxembourg,2016,97300,,
ESTAT:TIPSNA40(1.0),20/03/25 11:00:00,Annual,"Chain linked volumes (2015), euro per capita",Gross domestic product at market prices,Luxembourg,2017,96460,,
ESTAT:TIPSNA40(1.0),20/03/25 11:00:00,Annual,"Chain linked volumes (2015), euro per capita",Gross domestic product at market prices,Luxembourg,2018,95740,,
ESTAT:TIPSNA40(1.0),20/03/25 11:00:00,Annual,"Chain linked volumes (2015), euro per capita",Gross domestic product at market prices,Luxembourg,2019,96520,,
ESTAT:TIPSNA40(1.0),20/03/25 11:00:00,Annual,"Chain linked volumes (2015), euro per capita",Gross domestic product at market prices,Luxembourg,2020,94180,,
ESTAT:TIPSNA40(1.0),20/03/25 11:00:00,Annual,"Chain linked volumes (2015), euro per capita",Gross domestic product at market prices,Luxembourg,2021,99360,,
ESTAT:TIPSNA40(1.0),20/03/25 11:00:00,Annual,"Chain linked volumes (2015), euro per capita",Gross domestic product at market prices,Luxembourg,2022,98560,,
ESTAT:TIPSNA40(1.0),20/03/25 11:00:00,Annual,"Chain linked volumes (2015), euro per capita",Gross domestic product at market prices,Luxembourg,2023,95660,,
ESTAT:TIPSNA40(1.0),20/03/25 11:00:00,Annual,"Chain linked volumes (2015), euro per capita",Gross domestic product at market prices,Latvia,2015,12010,,
ESTAT:TIPSNA40(1.0),20/03/25 11:00:00,Annual,"Chain linked volumes (2015), euro per capita",Gross domestic product at market prices,Latvia,2016,12430,,
ESTAT:TIPSNA40(1.0),20/03/25 11:00:00,Annual,"Chain linked volumes (2015), euro per capita",Gross domestic product at market prices,Latvia,2017,12970,,
ESTAT:TIPSNA40(1.0),20/03/25 11:00:00,Annual,"Chain linked volumes (2015), euro per capita",Gross domestic product at market prices,Latvia,2018,13630,,
ESTAT:TIPSNA40(1.0),20/03/25 11:00:00,Annual,"Chain linked volumes (2015), euro per capita",Gross domestic product at market prices,Latvia,2019,13820,,
ESTAT:TIPSNA40(1.0),20/03/25 11:00:00,Annual,"Chain linked volumes (2015), euro per capita",Gross domestic product at market prices,Latvia,2020,13430,,
ESTAT:TIPSNA40(1.0),20/03/25 11:00:00,Annual,"Chain linked volumes (2015), euro per capita",Gross domestic product at market prices,Latvia,2021,14480,,
ESTAT:TIPSNA40(1.0),20/03/25 11:00:00,Annual,"Chain linked volumes (2015), euro per capita",Gross domestic product at market prices,Latvia,2022,14730,,
ESTAT:TIPSNA40(1.0),20/03/25 11:00:00,Annual,"Chain linked volumes (2015), euro per capita",Gross domestic product at market prices,Latvia,2023,15190,,
ESTAT:TIPSNA40(1.0),20/03/25 11:00:00,Annual,"Chain linked volumes (2015), euro per capita",Gross domestic product at market prices,Latvia,2024,15290,,
ESTAT:TIPSNA40(1.0),20/03/25 11:00:00,Annual,"Chain linked volumes (2015), euro per capita",Gross domestic product at market prices,Malta,2015,23000,,
ESTAT:TIPSNA40(1.0),20/03/25 11:00:00,Annual,"Chain linked volumes (2015), euro per capita",Gross domestic product at market prices,Malta,2016,23400,,
ESTAT:TIPSNA40(1.0),20/03/25 11:00:00,Annual,"Chain linked volumes (2015), euro per capita",Gross domestic product at market prices,Malta,2017,25710,,
ESTAT:TIPSNA40(1.0),20/03/25 11:00:00,Annual,"Chain linked volumes (2015), euro per capita",Gross domestic product at market prices,Malta,2018,26600,,
ESTAT:TIPSNA40(1.0),20/03/25 11:00:00,Annual,"Chain linked volumes (2015), euro per capita",Gross domestic product at market prices,Malta,2019,26570,,
ESTAT:TIPSNA40(1.0),20/03/25 11:00:00,Annual,"Chain linked volumes (2015), euro per capita",Gross domestic product at market prices,Malta,2020,25140,,
ESTAT:TIPSNA40(1.0),20/03/25 11:00:00,Annual,"Chain linked volumes (2015), euro per capita",Gross domestic product at market prices,Malta,2021,28330,,
ESTAT:TIPSNA40(1.0),20/03/25 11:00:00,Annual,"Chain linked volumes (2015), euro per capita",Gross domestic product at market prices,Malta,2022,28770,,
ESTAT:TIPSNA40(1.0),20/03/25 11:00:00,Annual,"Chain linked volumes (2015), euro per capita",Gross domestic product at market prices,Malta,2023,29530,,
ESTAT:TIPSNA40(1.0),20/03/25 11:00:00,Annual,"Chain linked volumes (2015), euro per capita",Gross domestic product at market prices,Malta,2024,30340,,
ESTAT:TIPSNA40(1.0),20/03/25 11:00:00,Annual,"Chain linked volumes (2015), euro per capita",Gross domestic product at market prices,Netherlands,2015,41270,,
ESTAT:TIPSNA40(1.0),20/03/25 11:00:00,Annual,"Chain linked volumes (2015), euro per capita",Gross domestic product at market prices,Netherlands,2016,42050,,
ESTAT:TIPSNA40(1.0),20/03/25 11:00:00,Annual,"Chain linked volumes (2015), euro per capita",Gross domestic product at market prices,Netherlands,2017,42970,,
ESTAT:TIPSNA40(1.0),20/03/25 11:00:00,Annual,"Chain linked volumes (2015), euro per capita",Gross domestic product at market prices,Netherlands,2018,43680,,
ESTAT:TIPSNA40(1.0),20/03/25 11:00:00,Annual,"Chain linked volumes (2015), euro per capita",Gross domestic product at market prices,Netherlands,2019,44390,,
ESTAT:TIPSNA40(1.0),20/03/25 11:00:00,Annual,"Chain linked volumes (2015), euro per capita",Gross domestic product at market prices,Netherlands,2020,42440,,
ESTAT:TIPSNA40(1.0),20/03/25 11:00:00,Annual,"Chain linked volumes (2015), euro per capita",Gross domestic product at market prices,Netherlands,2021,44870,,
ESTAT:TIPSNA40(1.0),20/03/25 11:00:00,Annual,"Chain linked volumes (2015), euro per capita",Gross domestic product at market prices,Netherlands,2022,46670,p,
ESTAT:TIPSNA40(1.0),20/03/25 11:00:00,Annual,"Chain linked volumes (2015), euro per capita",Gross domestic product at market prices,Netherlands,2023,46240,p,
ESTAT:TIPSNA40(1.0),20/03/25 11:00:00,Annual,"Chain linked volumes (2015), euro per capita",Gross domestic product at market prices,Netherlands,2024,46370,p,
ESTAT:TIPSNA40(1.0),20/03/25 11:00:00,Annual,"Chain linked volumes (2015), euro per capita",Gross domestic product at market prices,Poland,2015,11390,,
ESTAT:TIPSNA40(1.0),20/03/25 11:00:00,Annual,"Chain linked volumes (2015), euro per capita",Gross domestic product at market prices,Poland,2016,11740,,
ESTAT:TIPSNA40(1.0),20/03/25 11:00:00,Annual,"Chain linked volumes (2015), euro per capita",Gross domestic product at market prices,Poland,2017,12340,,
ESTAT:TIPSNA40(1.0),20/03/25 11:00:00,Annual,"Chain linked volumes (2015), euro per capita",Gross domestic product at market prices,Poland,2018,13120,,
ESTAT:TIPSNA40(1.0),20/03/25 11:00:00,Annual,"Chain linked volumes (2015), euro per capita",Gross domestic product at market prices,Poland,2019,13720,,
ESTAT:TIPSNA40(1.0),20/03/25 11:00:00,Annual,"Chain linked volumes (2015), euro per capita",Gross domestic product at market prices,Poland,2020,13720,b,
ESTAT:TIPSNA40(1.0),20/03/25 11:00:00,Annual,"Chain linked volumes (2015), euro per capita",Gross domestic product at market prices,Poland,2021,14750,,
ESTAT:TIPSNA40(1.0),20/03/25 11:00:00,Annual,"Chain linked volumes (2015), euro per capita",Gross domestic product at market prices,Poland,2022,15190,b,
ESTAT:TIPSNA40(1.0),20/03/25 11:00:00,Annual,"Chain linked volumes (2015), euro per capita",Gross domestic product at market prices,Poland,2023,15280,,
ESTAT:TIPSNA40(1.0),20/03/25 11:00:00,Annual,"Chain linked volumes (2015), euro per capita",Gross domestic product at market prices,Poland,2024,15770,p,
ESTAT:TIPSNA40(1.0),20/03/25 11:00:00,Annual,"Chain linked volumes (2015), euro per capita",Gross domestic product at market prices,Portugal,2015,17280,,
ESTAT:TIPSNA40(1.0),20/03/25 11:00:00,Annual,"Chain linked volumes (2015), euro per capita",Gross domestic product at market prices,Portugal,2016,17670,,
ESTAT:TIPSNA40(1.0),20/03/25 11:00:00,Annual,"Chain linked volumes (2015), euro per capita",Gross domestic product at market prices,Portugal,2017,18280,,
ESTAT:TIPSNA40(1.0),20/03/25 11:00:00,Annual,"Chain linked volumes (2015), euro per capita",Gross domestic product at market prices,Portugal,2018,18830,,
ESTAT:TIPSNA40(1.0),20/03/25 11:00:00,Annual,"Chain linked volumes (2015), euro per capita",Gross domestic product at market prices,Portugal,2019,19310,,
ESTAT:TIPSNA40(1.0),20/03/25 11:00:00,Annual,"Chain linked volumes (2015), euro per capita",Gross domestic product at market prices,Portugal,2020,17680,,
ESTAT:TIPSNA40(1.0),20/03/25 11:00:00,Annual,"Chain linked volumes (2015), euro per capita",Gross domestic product at market prices,Portugal,2021,18620,,
ESTAT:TIPSNA40(1.0),20/03/25 11:00:00,Annual,"Chain linked volumes (2015), euro per capita",Gross domestic product at market prices,Portugal,2022,19800,,
ESTAT:TIPSNA40(1.0),20/03/25 11:00:00,Annual,"Chain linked volumes (2015), euro per capita",Gross domestic product at market prices,Portugal,2023,20110,e,
ESTAT:TIPSNA40(1.0),20/03/25 11:00:00,Annual,"Chain linked volumes (2015), euro per capita",Gross domestic product at market prices,Portugal,2024,20290,e,
ESTAT:TIPSNA40(1.0),20/03/25 11:00:00,Annual,"Chain linked volumes (2015), euro per capita",Gross domestic product at market prices,Romania,2015,8090,,
ESTAT:TIPSNA40(1.0),20/03/25 11:00:00,Annual,"Chain linked volumes (2015), euro per capita",Gross domestic product at market prices,Romania,2016,8370,,
ESTAT:TIPSNA40(1.0),20/03/25 11:00:00,Annual,"Chain linked volumes (2015), euro per capita",Gross domestic product at market prices,Romania,2017,9100,,
ESTAT:TIPSNA40(1.0),20/03/25 11:00:00,Annual,"Chain linked volumes (2015), euro per capita",Gross domestic product at market prices,Romania,2018,9720,,
ESTAT:TIPSNA40(1.0),20/03/25 11:00:00,Annual,"Chain linked volumes (2015), euro per capita",Gross domestic product at market prices,Romania,2019,10140,,
ESTAT:TIPSNA40(1.0),20/03/25 11:00:00,Annual,"Chain linked volumes (2015), euro per capita",Gross domestic product at market prices,Romania,2020,9820,,
ESTAT:TIPSNA40(1.0),20/03/25 11:00:00,Annual,"Chain linked volumes (2015), euro per capita",Gross domestic product at market prices,Romania,2021,10450,,
ESTAT:TIPSNA40(1.0),20/03/25 11:00:00,Annual,"Chain linked volumes (2015), euro per capita",Gross domestic product at market prices,Romania,2022,10910,,
ESTAT:TIPSNA40(1.0),20/03/25 11:00:00,Annual,"Chain linked volumes (2015), euro per capita",Gross domestic product at market prices,Romania,2023,11170,p,
ESTAT:TIPSNA40(1.0),20/03/25 11:00:00,Annual,"Chain linked volumes (2015), euro per capita",Gross domestic product at market prices,Romania,2024,11260,p,
ESTAT:TIPSNA40(1.0),20/03/25 11:00:00,Annual,"Chain linked volumes (2015), euro per capita",Gross domestic product at market prices,Sweden,2015,46170,,
ESTAT:TIPSNA40(1.0),20/03/25 11:00:00,Annual,"Chain linked volumes (2015), euro per capita",Gross domestic product at market prices,Sweden,2016,46700,,
ESTAT:TIPSNA40(1.0),20/03/25 11:00:00,Annual,"Chain linked volumes (2015), euro per capita",Gross domestic product at market prices,Sweden,2017,46880,,
ESTAT:TIPSNA40(1.0),20/03/25 11:00:00,Annual,"Chain linked volumes (2015), euro per capita",Gross domestic product at market prices,Sweden,2018,47220,,
ESTAT:TIPSNA40(1.0),20/03/25 11:00:00,Annual,"Chain linked volumes (2015), euro per capita",Gross domestic product at market prices,Sweden,2019,47910,,
ESTAT:TIPSNA40(1.0),20/03/25 11:00:00,Annual,"Chain linked volumes (2015), euro per capita",Gross domestic product at market prices,Sweden,2020,46640,,
ESTAT:TIPSNA40(1.0),20/03/25 11:00:00,Annual,"Chain linked volumes (2015), euro per capita",Gross domestic product at market prices,Sweden,2021,49110,,
ESTAT:TIPSNA40(1.0),20/03/25 11:00:00,Annual,"Chain linked volumes (2015), euro per capita",Gross domestic product at market prices,Sweden,2022,49300,,
ESTAT:TIPSNA40(1.0),20/03/25 11:00:00,Annual,"Chain linked volumes (2015), euro per capita",Gross domestic product at market prices,Sweden,2023,48910,,
ESTAT:TIPSNA40(1.0),20/03/25 11:00:00,Annual,"Chain linked volumes (2015), euro per capita",Gross domestic product at market prices,Sweden,2024,49210,,
ESTAT:TIPSNA40(1.0),20/03/25 11:00:00,Annual,"Chain linked volumes (2015), euro per capita",Gross domestic product at market prices,Slovenia,2015,18660,,
ESTAT:TIPSNA40(1.0),20/03/25 11:00:00,Annual,"Chain linked volumes (2015), euro per capita",Gross domestic product at market prices,Slovenia,2016,19210,,
ESTAT:TIPSNA40(1.0),20/03/25 11:00:00,Annual,"Chain linked volumes (2015), euro per capita",Gross domestic product at market prices,Slovenia,2017,20190,,
ESTAT:TIPSNA40(1.0),20/03/25 11:00:00,Annual,"Chain linked volumes (2015), euro per capita",Gross domestic product at market prices,Slovenia,2018,21010,,
ESTAT:TIPSNA40(1.0),20/03/25 11:00:00,Annual,"Chain linked volumes (2015), euro per capita",Gross domestic product at market prices,Slovenia,2019,21570,,
ESTAT:TIPSNA40(1.0),20/03/25 11:00:00,Annual,"Chain linked volumes (2015), euro per capita",Gross domestic product at market prices,Slovenia,2020,20560,,
ESTAT:TIPSNA40(1.0),20/03/25 11:00:00,Annual,"Chain linked volumes (2015), euro per capita",Gross domestic product at market prices,Slovenia,2021,22230,,
ESTAT:TIPSNA40(1.0),20/03/25 11:00:00,Annual,"Chain linked volumes (2015), euro per capita",Gross domestic product at market prices,Slovenia,2022,22810,,
ESTAT:TIPSNA40(1.0),20/03/25 11:00:00,Annual,"Chain linked volumes (2015), euro per capita",Gross domestic product at market prices,Slovenia,2023,23170,,
ESTAT:TIPSNA40(1.0),20/03/25 11:00:00,Annual,"Chain linked volumes (2015), euro per capita",Gross domestic product at market prices,Slovenia,2024,23470,,
ESTAT:TIPSNA40(1.0),20/03/25 11:00:00,Annual,"Chain linked volumes (2015), euro per capita",Gross domestic product at market prices,Slovakia,2015,14820,,
ESTAT:TIPSNA40(1.0),20/03/25 11:00:00,Annual,"Chain linked volumes (2015), euro per capita",Gross domestic product at market prices,Slovakia,2016,15090,,
ESTAT:TIPSNA40(1.0),20/03/25 11:00:00,Annual,"Chain linked volumes (2015), euro per capita",Gross domestic product at market prices,Slovakia,2017,15500,,
ESTAT:TIPSNA40(1.0),20/03/25 11:00:00,Annual,"Chain linked volumes (2015), euro per capita",Gross domestic product at market prices,Slovakia,2018,16110,,
ESTAT:TIPSNA40(1.0),20/03/25 11:00:00,Annual,"Chain linked volumes (2015), euro per capita",Gross domestic product at market prices,Slovakia,2019,16450,,
ESTAT:TIPSNA40(1.0),20/03/25 11:00:00,Annual,"Chain linked volumes (2015), euro per capita",Gross domestic product at market prices,Slovakia,2020,16010,,
ESTAT:TIPSNA40(1.0),20/03/25 11:00:00,Annual,"Chain linked volumes (2015), euro per capita",Gross domestic product at market prices,Slovakia,2021,16980,b,
ESTAT:TIPSNA40(1.0),20/03/25 11:00:00,Annual,"Chain linked volumes (2015), euro per capita",Gross domestic product at market prices,Slovakia,2022,17010,,
ESTAT:TIPSNA40(1.0),20/03/25 11:00:00,Annual,"Chain linked volumes (2015), euro per capita",Gross domestic product at market prices,Slovakia,2023,17240,,
ESTAT:TIPSNA40(1.0),20/03/25 11:00:00,Annual,"Chain linked volumes (2015), euro per capita",Gross domestic product at market prices,Slovakia,2024,17590,,
