DATAFLOW,LAST UPDATE,freq,indic,s_adj,geo,TIME_PERIOD,OBS_VALUE,OBS_FLAG,CONF_STATUS
ESTAT:TEIBS010(1.0),27/02/25 11:00:00,Monthly,Economic sentiment indicator,"Seasonally adjusted data, not calendar adjusted data",Albania,2024-03,105.8,,
ESTAT:TEIBS010(1.0),27/02/25 11:00:00,Monthly,Economic sentiment indicator,"Seasonally adjusted data, not calendar adjusted data",Albania,2024-04,108.3,,
ESTAT:TEIBS010(1.0),27/02/25 11:00:00,Monthly,Economic sentiment indicator,"Seasonally adjusted data, not calendar adjusted data",Albania,2024-05,109.3,,
ESTAT:TEIBS010(1.0),27/02/25 11:00:00,Monthly,Economic sentiment indicator,"Seasonally adjusted data, not calendar adjusted data",Albania,2024-06,105.2,,
ESTAT:TEIBS010(1.0),27/02/25 11:00:00,Monthly,Economic sentiment indicator,"Seasonally adjusted data, not calendar adjusted data",Albania,2024-07,108.6,,
ESTAT:TEIBS010(1.0),27/02/25 11:00:00,Monthly,Economic sentiment indicator,"Seasonally adjusted data, not calendar adjusted data",Albania,2024-08,112.2,,
ESTAT:TEIBS010(1.0),27/02/25 11:00:00,Monthly,Economic sentiment indicator,"Seasonally adjusted data, not calendar adjusted data",Albania,2024-09,110.7,,
ESTAT:TEIBS010(1.0),27/02/25 11:00:00,Monthly,Economic sentiment indicator,"Seasonally adjusted data, not calendar adjusted data",Albania,2024-10,111.0,,
ESTAT:TEIBS010(1.0),27/02/25 11:00:00,Monthly,Economic sentiment indicator,"Seasonally adjusted data, not calendar adjusted data",Albania,2024-11,113.8,,
ESTAT:TEIBS010(1.0),27/02/25 11:00:00,Monthly,Economic sentiment indicator,"Seasonally adjusted data, not calendar adjusted data",Albania,2024-12,110.4,,
ESTAT:TEIBS010(1.0),27/02/25 11:00:00,Monthly,Economic sentiment indicator,"Seasonally adjusted data, not calendar adjusted data",Albania,2025-01,109.2,,
ESTAT:TEIBS010(1.0),27/02/25 11:00:00,Monthly,Economic sentiment indicator,"Seasonally adjusted data, not calendar adjusted data",Albania,2025-02,102.9,,
ESTAT:TEIBS010(1.0),27/02/25 11:00:00,Monthly,Economic sentiment indicator,"Seasonally adjusted data, not calendar adjusted data",Austria,2024-03,87.8,,
ESTAT:TEIBS010(1.0),27/02/25 11:00:00,Monthly,Economic sentiment indicator,"Seasonally adjusted data, not calendar adjusted data",Austria,2024-04,91.4,,
ESTAT:TEIBS010(1.0),27/02/25 11:00:00,Monthly,Economic sentiment indicator,"Seasonally adjusted data, not calendar adjusted data",Austria,2024-05,91.6,,
ESTAT:TEIBS010(1.0),27/02/25 11:00:00,Monthly,Economic sentiment indicator,"Seasonally adjusted data, not calendar adjusted data",Austria,2024-06,87.3,,
ESTAT:TEIBS010(1.0),27/02/25 11:00:00,Monthly,Economic sentiment indicator,"Seasonally adjusted data, not calendar adjusted data",Austria,2024-07,87.4,,
ESTAT:TEIBS010(1.0),27/02/25 11:00:00,Monthly,Economic sentiment indicator,"Seasonally adjusted data, not calendar adjusted data",Austria,2024-08,87.2,,
ESTAT:TEIBS010(1.0),27/02/25 11:00:00,Monthly,Economic sentiment indicator,"Seasonally adjusted data, not calendar adjusted data",Austria,2024-09,87.0,,
ESTAT:TEIBS010(1.0),27/02/25 11:00:00,Monthly,Economic sentiment indicator,"Seasonally adjusted data, not calendar adjusted data",Austria,2024-10,88.3,,
ESTAT:TEIBS010(1.0),27/02/25 11:00:00,Monthly,Economic sentiment indicator,"Seasonally adjusted data, not calendar adjusted data",Austria,2024-11,87.5,,
ESTAT:TEIBS010(1.0),27/02/25 11:00:00,Monthly,Economic sentiment indicator,"Seasonally adjusted data, not calendar adjusted data",Austria,2024-12,84.9,,
ESTAT:TEIBS010(1.0),27/02/25 11:00:00,Monthly,Economic sentiment indicator,"Seasonally adjusted data, not calendar adjusted data",Austria,2025-01,88.8,,
ESTAT:TEIBS010(1.0),27/02/25 11:00:00,Monthly,Economic sentiment indicator,"Seasonally adjusted data, not calendar adjusted data",Austria,2025-02,91.1,,
ESTAT:TEIBS010(1.0),27/02/25 11:00:00,Monthly,Economic sentiment indicator,"Seasonally adjusted data, not calendar adjusted data",Belgium,2024-03,95.1,,
ESTAT:TEIBS010(1.0),27/02/25 11:00:00,Monthly,Economic sentiment indicator,"Seasonally adjusted data, not calendar adjusted data",Belgium,2024-04,93.2,,
ESTAT:TEIBS010(1.0),27/02/25 11:00:00,Monthly,Economic sentiment indicator,"Seasonally adjusted data, not calendar adjusted data",Belgium,2024-05,93.9,,
ESTAT:TEIBS010(1.0),27/02/25 11:00:00,Monthly,Economic sentiment indicator,"Seasonally adjusted data, not calendar adjusted data",Belgium,2024-06,95.8,,
ESTAT:TEIBS010(1.0),27/02/25 11:00:00,Monthly,Economic sentiment indicator,"Seasonally adjusted data, not calendar adjusted data",Belgium,2024-07,92.1,,
ESTAT:TEIBS010(1.0),27/02/25 11:00:00,Monthly,Economic sentiment indicator,"Seasonally adjusted data, not calendar adjusted data",Belgium,2024-08,93.2,,
ESTAT:TEIBS010(1.0),27/02/25 11:00:00,Monthly,Economic sentiment indicator,"Seasonally adjusted data, not calendar adjusted data",Belgium,2024-09,91.1,,
ESTAT:TEIBS010(1.0),27/02/25 11:00:00,Monthly,Economic sentiment indicator,"Seasonally adjusted data, not calendar adjusted data",Belgium,2024-10,92.9,,
ESTAT:TEIBS010(1.0),27/02/25 11:00:00,Monthly,Economic sentiment indicator,"Seasonally adjusted data, not calendar adjusted data",Belgium,2024-11,93.9,,
ESTAT:TEIBS010(1.0),27/02/25 11:00:00,Monthly,Economic sentiment indicator,"Seasonally adjusted data, not calendar adjusted data",Belgium,2024-12,89.0,,
ESTAT:TEIBS010(1.0),27/02/25 11:00:00,Monthly,Economic sentiment indicator,"Seasonally adjusted data, not calendar adjusted data",Belgium,2025-01,93.3,,
ESTAT:TEIBS010(1.0),27/02/25 11:00:00,Monthly,Economic sentiment indicator,"Seasonally adjusted data, not calendar adjusted data",Belgium,2025-02,94.0,,
ESTAT:TEIBS010(1.0),27/02/25 11:00:00,Monthly,Economic sentiment indicator,"Seasonally adjusted data, not calendar adjusted data",Bulgaria,2024-03,105.2,,
ESTAT:TEIBS010(1.0),27/02/25 11:00:00,Monthly,Economic sentiment indicator,"Seasonally adjusted data, not calendar adjusted data",Bulgaria,2024-04,103.9,,
ESTAT:TEIBS010(1.0),27/02/25 11:00:00,Monthly,Economic sentiment indicator,"Seasonally adjusted data, not calendar adjusted data",Bulgaria,2024-05,104.5,,
ESTAT:TEIBS010(1.0),27/02/25 11:00:00,Monthly,Economic sentiment indicator,"Seasonally adjusted data, not calendar adjusted data",Bulgaria,2024-06,105.8,,
ESTAT:TEIBS010(1.0),27/02/25 11:00:00,Monthly,Economic sentiment indicator,"Seasonally adjusted data, not calendar adjusted data",Bulgaria,2024-07,104.7,,
ESTAT:TEIBS010(1.0),27/02/25 11:00:00,Monthly,Economic sentiment indicator,"Seasonally adjusted data, not calendar adjusted data",Bulgaria,2024-08,105.3,,
ESTAT:TEIBS010(1.0),27/02/25 11:00:00,Monthly,Economic sentiment indicator,"Seasonally adjusted data, not calendar adjusted data",Bulgaria,2024-09,107.2,,
ESTAT:TEIBS010(1.0),27/02/25 11:00:00,Monthly,Economic sentiment indicator,"Seasonally adjusted data, not calendar adjusted data",Bulgaria,2024-10,107.0,,
ESTAT:TEIBS010(1.0),27/02/25 11:00:00,Monthly,Economic sentiment indicator,"Seasonally adjusted data, not calendar adjusted data",Bulgaria,2024-11,105.7,,
ESTAT:TEIBS010(1.0),27/02/25 11:00:00,Monthly,Economic sentiment indicator,"Seasonally adjusted data, not calendar adjusted data",Bulgaria,2024-12,105.7,,
ESTAT:TEIBS010(1.0),27/02/25 11:00:00,Monthly,Economic sentiment indicator,"Seasonally adjusted data, not calendar adjusted data",Bulgaria,2025-01,104.5,,
ESTAT:TEIBS010(1.0),27/02/25 11:00:00,Monthly,Economic sentiment indicator,"Seasonally adjusted data, not calendar adjusted data",Bulgaria,2025-02,105.0,,
ESTAT:TEIBS010(1.0),27/02/25 11:00:00,Monthly,Economic sentiment indicator,"Seasonally adjusted data, not calendar adjusted data",Cyprus,2024-03,100.3,,
ESTAT:TEIBS010(1.0),27/02/25 11:00:00,Monthly,Economic sentiment indicator,"Seasonally adjusted data, not calendar adjusted data",Cyprus,2024-04,102.9,,
ESTAT:TEIBS010(1.0),27/02/25 11:00:00,Monthly,Economic sentiment indicator,"Seasonally adjusted data, not calendar adjusted data",Cyprus,2024-05,103.7,,
ESTAT:TEIBS010(1.0),27/02/25 11:00:00,Monthly,Economic sentiment indicator,"Seasonally adjusted data, not calendar adjusted data",Cyprus,2024-06,103.3,,
ESTAT:TEIBS010(1.0),27/02/25 11:00:00,Monthly,Economic sentiment indicator,"Seasonally adjusted data, not calendar adjusted data",Cyprus,2024-07,103.9,,
ESTAT:TEIBS010(1.0),27/02/25 11:00:00,Monthly,Economic sentiment indicator,"Seasonally adjusted data, not calendar adjusted data",Cyprus,2024-08,105.2,,
ESTAT:TEIBS010(1.0),27/02/25 11:00:00,Monthly,Economic sentiment indicator,"Seasonally adjusted data, not calendar adjusted data",Cyprus,2024-09,105.2,,
ESTAT:TEIBS010(1.0),27/02/25 11:00:00,Monthly,Economic sentiment indicator,"Seasonally adjusted data, not calendar adjusted data",Cyprus,2024-10,105.5,,
ESTAT:TEIBS010(1.0),27/02/25 11:00:00,Monthly,Economic sentiment indicator,"Seasonally adjusted data, not calendar adjusted data",Cyprus,2024-11,106.3,,
ESTAT:TEIBS010(1.0),27/02/25 11:00:00,Monthly,Economic sentiment indicator,"Seasonally adjusted data, not calendar adjusted data",Cyprus,2024-12,108.7,,
ESTAT:TEIBS010(1.0),27/02/25 11:00:00,Monthly,Economic sentiment indicator,"Seasonally adjusted data, not calendar adjusted data",Cyprus,2025-01,106.1,,
ESTAT:TEIBS010(1.0),27/02/25 11:00:00,Monthly,Economic sentiment indicator,"Seasonally adjusted data, not calendar adjusted data",Cyprus,2025-02,108.5,,
ESTAT:TEIBS010(1.0),27/02/25 11:00:00,Monthly,Economic sentiment indicator,"Seasonally adjusted data, not calendar adjusted data",Czechia,2024-03,93.8,,
ESTAT:TEIBS010(1.0),27/02/25 11:00:00,Monthly,Economic sentiment indicator,"Seasonally adjusted data, not calendar adjusted data",Czechia,2024-04,92.9,,
ESTAT:TEIBS010(1.0),27/02/25 11:00:00,Monthly,Economic sentiment indicator,"Seasonally adjusted data, not calendar adjusted data",Czechia,2024-05,94.9,,
ESTAT:TEIBS010(1.0),27/02/25 11:00:00,Monthly,Economic sentiment indicator,"Seasonally adjusted data, not calendar adjusted data",Czechia,2024-06,96.7,,
ESTAT:TEIBS010(1.0),27/02/25 11:00:00,Monthly,Economic sentiment indicator,"Seasonally adjusted data, not calendar adjusted data",Czechia,2024-07,93.9,,
ESTAT:TEIBS010(1.0),27/02/25 11:00:00,Monthly,Economic sentiment indicator,"Seasonally adjusted data, not calendar adjusted data",Czechia,2024-08,92.4,,
ESTAT:TEIBS010(1.0),27/02/25 11:00:00,Monthly,Economic sentiment indicator,"Seasonally adjusted data, not calendar adjusted data",Czechia,2024-09,98.1,,
ESTAT:TEIBS010(1.0),27/02/25 11:00:00,Monthly,Economic sentiment indicator,"Seasonally adjusted data, not calendar adjusted data",Czechia,2024-10,94.4,,
ESTAT:TEIBS010(1.0),27/02/25 11:00:00,Monthly,Economic sentiment indicator,"Seasonally adjusted data, not calendar adjusted data",Czechia,2024-11,95.5,,
ESTAT:TEIBS010(1.0),27/02/25 11:00:00,Monthly,Economic sentiment indicator,"Seasonally adjusted data, not calendar adjusted data",Czechia,2024-12,96.6,,
ESTAT:TEIBS010(1.0),27/02/25 11:00:00,Monthly,Economic sentiment indicator,"Seasonally adjusted data, not calendar adjusted data",Czechia,2025-01,95.8,,
ESTAT:TEIBS010(1.0),27/02/25 11:00:00,Monthly,Economic sentiment indicator,"Seasonally adjusted data, not calendar adjusted data",Czechia,2025-02,98.5,,
ESTAT:TEIBS010(1.0),27/02/25 11:00:00,Monthly,Economic sentiment indicator,"Seasonally adjusted data, not calendar adjusted data",Germany,2024-03,90.3,,
ESTAT:TEIBS010(1.0),27/02/25 11:00:00,Monthly,Economic sentiment indicator,"Seasonally adjusted data, not calendar adjusted data",Germany,2024-04,91.8,,
ESTAT:TEIBS010(1.0),27/02/25 11:00:00,Monthly,Economic sentiment indicator,"Seasonally adjusted data, not calendar adjusted data",Germany,2024-05,92.4,,
ESTAT:TEIBS010(1.0),27/02/25 11:00:00,Monthly,Economic sentiment indicator,"Seasonally adjusted data, not calendar adjusted data",Germany,2024-06,92.2,,
ESTAT:TEIBS010(1.0),27/02/25 11:00:00,Monthly,Economic sentiment indicator,"Seasonally adjusted data, not calendar adjusted data",Germany,2024-07,92.5,,
ESTAT:TEIBS010(1.0),27/02/25 11:00:00,Monthly,Economic sentiment indicator,"Seasonally adjusted data, not calendar adjusted data",Germany,2024-08,90.9,,
ESTAT:TEIBS010(1.0),27/02/25 11:00:00,Monthly,Economic sentiment indicator,"Seasonally adjusted data, not calendar adjusted data",Germany,2024-09,89.8,,
ESTAT:TEIBS010(1.0),27/02/25 11:00:00,Monthly,Economic sentiment indicator,"Seasonally adjusted data, not calendar adjusted data",Germany,2024-10,90.7,,
ESTAT:TEIBS010(1.0),27/02/25 11:00:00,Monthly,Economic sentiment indicator,"Seasonally adjusted data, not calendar adjusted data",Germany,2024-11,89.3,,
ESTAT:TEIBS010(1.0),27/02/25 11:00:00,Monthly,Economic sentiment indicator,"Seasonally adjusted data, not calendar adjusted data",Germany,2024-12,87.0,,
ESTAT:TEIBS010(1.0),27/02/25 11:00:00,Monthly,Economic sentiment indicator,"Seasonally adjusted data, not calendar adjusted data",Germany,2025-01,88.1,,
ESTAT:TEIBS010(1.0),27/02/25 11:00:00,Monthly,Economic sentiment indicator,"Seasonally adjusted data, not calendar adjusted data",Germany,2025-02,89.3,,
ESTAT:TEIBS010(1.0),27/02/25 11:00:00,Monthly,Economic sentiment indicator,"Seasonally adjusted data, not calendar adjusted data",Denmark,2024-03,98.2,,
ESTAT:TEIBS010(1.0),27/02/25 11:00:00,Monthly,Economic sentiment indicator,"Seasonally adjusted data, not calendar adjusted data",Denmark,2024-04,97.6,,
ESTAT:TEIBS010(1.0),27/02/25 11:00:00,Monthly,Economic sentiment indicator,"Seasonally adjusted data, not calendar adjusted data",Denmark,2024-05,103.6,,
ESTAT:TEIBS010(1.0),27/02/25 11:00:00,Monthly,Economic sentiment indicator,"Seasonally adjusted data, not calendar adjusted data",Denmark,2024-06,104.0,,
ESTAT:TEIBS010(1.0),27/02/25 11:00:00,Monthly,Economic sentiment indicator,"Seasonally adjusted data, not calendar adjusted data",Denmark,2024-07,102.7,,
ESTAT:TEIBS010(1.0),27/02/25 11:00:00,Monthly,Economic sentiment indicator,"Seasonally adjusted data, not calendar adjusted data",Denmark,2024-08,100.7,,
ESTAT:TEIBS010(1.0),27/02/25 11:00:00,Monthly,Economic sentiment indicator,"Seasonally adjusted data, not calendar adjusted data",Denmark,2024-09,105.1,,
ESTAT:TEIBS010(1.0),27/02/25 11:00:00,Monthly,Economic sentiment indicator,"Seasonally adjusted data, not calendar adjusted data",Denmark,2024-10,103.8,,
ESTAT:TEIBS010(1.0),27/02/25 11:00:00,Monthly,Economic sentiment indicator,"Seasonally adjusted data, not calendar adjusted data",Denmark,2024-11,105.1,,
ESTAT:TEIBS010(1.0),27/02/25 11:00:00,Monthly,Economic sentiment indicator,"Seasonally adjusted data, not calendar adjusted data",Denmark,2024-12,103.9,,
ESTAT:TEIBS010(1.0),27/02/25 11:00:00,Monthly,Economic sentiment indicator,"Seasonally adjusted data, not calendar adjusted data",Denmark,2025-01,104.6,,
ESTAT:TEIBS010(1.0),27/02/25 11:00:00,Monthly,Economic sentiment indicator,"Seasonally adjusted data, not calendar adjusted data",Denmark,2025-02,102.3,,
ESTAT:TEIBS010(1.0),27/02/25 11:00:00,Monthly,Economic sentiment indicator,"Seasonally adjusted data, not calendar adjusted data",Euro area – 20 countries (from 2023),2024-03,96.4,,
ESTAT:TEIBS010(1.0),27/02/25 11:00:00,Monthly,Economic sentiment indicator,"Seasonally adjusted data, not calendar adjusted data",Euro area – 20 countries (from 2023),2024-04,95.7,,
ESTAT:TEIBS010(1.0),27/02/25 11:00:00,Monthly,Economic sentiment indicator,"Seasonally adjusted data, not calendar adjusted data",Euro area – 20 countries (from 2023),2024-05,96.2,,
ESTAT:TEIBS010(1.0),27/02/25 11:00:00,Monthly,Economic sentiment indicator,"Seasonally adjusted data, not calendar adjusted data",Euro area – 20 countries (from 2023),2024-06,96.0,,
ESTAT:TEIBS010(1.0),27/02/25 11:00:00,Monthly,Economic sentiment indicator,"Seasonally adjusted data, not calendar adjusted data",Euro area – 20 countries (from 2023),2024-07,96.0,,
ESTAT:TEIBS010(1.0),27/02/25 11:00:00,Monthly,Economic sentiment indicator,"Seasonally adjusted data, not calendar adjusted data",Euro area – 20 countries (from 2023),2024-08,96.5,,
ESTAT:TEIBS010(1.0),27/02/25 11:00:00,Monthly,Economic sentiment indicator,"Seasonally adjusted data, not calendar adjusted data",Euro area – 20 countries (from 2023),2024-09,96.4,,
ESTAT:TEIBS010(1.0),27/02/25 11:00:00,Monthly,Economic sentiment indicator,"Seasonally adjusted data, not calendar adjusted data",Euro area – 20 countries (from 2023),2024-10,95.7,,
ESTAT:TEIBS010(1.0),27/02/25 11:00:00,Monthly,Economic sentiment indicator,"Seasonally adjusted data, not calendar adjusted data",Euro area – 20 countries (from 2023),2024-11,95.8,,
ESTAT:TEIBS010(1.0),27/02/25 11:00:00,Monthly,Economic sentiment indicator,"Seasonally adjusted data, not calendar adjusted data",Euro area – 20 countries (from 2023),2024-12,93.8,,
ESTAT:TEIBS010(1.0),27/02/25 11:00:00,Monthly,Economic sentiment indicator,"Seasonally adjusted data, not calendar adjusted data",Euro area – 20 countries (from 2023),2025-01,95.3,,
ESTAT:TEIBS010(1.0),27/02/25 11:00:00,Monthly,Economic sentiment indicator,"Seasonally adjusted data, not calendar adjusted data",Euro area – 20 countries (from 2023),2025-02,96.3,,
ESTAT:TEIBS010(1.0),27/02/25 11:00:00,Monthly,Economic sentiment indicator,"Seasonally adjusted data, not calendar adjusted data",Estonia,2024-03,84.8,,
ESTAT:TEIBS010(1.0),27/02/25 11:00:00,Monthly,Economic sentiment indicator,"Seasonally adjusted data, not calendar adjusted data",Estonia,2024-04,83.6,,
ESTAT:TEIBS010(1.0),27/02/25 11:00:00,Monthly,Economic sentiment indicator,"Seasonally adjusted data, not calendar adjusted data",Estonia,2024-05,83.7,,
ESTAT:TEIBS010(1.0),27/02/25 11:00:00,Monthly,Economic sentiment indicator,"Seasonally adjusted data, not calendar adjusted data",Estonia,2024-06,85.5,,
ESTAT:TEIBS010(1.0),27/02/25 11:00:00,Monthly,Economic sentiment indicator,"Seasonally adjusted data, not calendar adjusted data",Estonia,2024-07,88.1,,
ESTAT:TEIBS010(1.0),27/02/25 11:00:00,Monthly,Economic sentiment indicator,"Seasonally adjusted data, not calendar adjusted data",Estonia,2024-08,85.9,,
ESTAT:TEIBS010(1.0),27/02/25 11:00:00,Monthly,Economic sentiment indicator,"Seasonally adjusted data, not calendar adjusted data",Estonia,2024-09,87.0,,
ESTAT:TEIBS010(1.0),27/02/25 11:00:00,Monthly,Economic sentiment indicator,"Seasonally adjusted data, not calendar adjusted data",Estonia,2024-10,86.2,,
ESTAT:TEIBS010(1.0),27/02/25 11:00:00,Monthly,Economic sentiment indicator,"Seasonally adjusted data, not calendar adjusted data",Estonia,2024-11,88.8,,
ESTAT:TEIBS010(1.0),27/02/25 11:00:00,Monthly,Economic sentiment indicator,"Seasonally adjusted data, not calendar adjusted data",Estonia,2024-12,88.6,,
ESTAT:TEIBS010(1.0),27/02/25 11:00:00,Monthly,Economic sentiment indicator,"Seasonally adjusted data, not calendar adjusted data",Estonia,2025-01,88.7,,
ESTAT:TEIBS010(1.0),27/02/25 11:00:00,Monthly,Economic sentiment indicator,"Seasonally adjusted data, not calendar adjusted data",Estonia,2025-02,89.7,,
ESTAT:TEIBS010(1.0),27/02/25 11:00:00,Monthly,Economic sentiment indicator,"Seasonally adjusted data, not calendar adjusted data",Greece,2024-03,108.2,,
ESTAT:TEIBS010(1.0),27/02/25 11:00:00,Monthly,Economic sentiment indicator,"Seasonally adjusted data, not calendar adjusted data",Greece,2024-04,108.3,,
ESTAT:TEIBS010(1.0),27/02/25 11:00:00,Monthly,Economic sentiment indicator,"Seasonally adjusted data, not calendar adjusted data",Greece,2024-05,110.2,,
ESTAT:TEIBS010(1.0),27/02/25 11:00:00,Monthly,Economic sentiment indicator,"Seasonally adjusted data, not calendar adjusted data",Greece,2024-06,109.8,,
ESTAT:TEIBS010(1.0),27/02/25 11:00:00,Monthly,Economic sentiment indicator,"Seasonally adjusted data, not calendar adjusted data",Greece,2024-07,106.2,,
ESTAT:TEIBS010(1.0),27/02/25 11:00:00,Monthly,Economic sentiment indicator,"Seasonally adjusted data, not calendar adjusted data",Greece,2024-08,106.1,,
ESTAT:TEIBS010(1.0),27/02/25 11:00:00,Monthly,Economic sentiment indicator,"Seasonally adjusted data, not calendar adjusted data",Greece,2024-09,110.2,,
ESTAT:TEIBS010(1.0),27/02/25 11:00:00,Monthly,Economic sentiment indicator,"Seasonally adjusted data, not calendar adjusted data",Greece,2024-10,107.8,,
ESTAT:TEIBS010(1.0),27/02/25 11:00:00,Monthly,Economic sentiment indicator,"Seasonally adjusted data, not calendar adjusted data",Greece,2024-11,106.9,,
ESTAT:TEIBS010(1.0),27/02/25 11:00:00,Monthly,Economic sentiment indicator,"Seasonally adjusted data, not calendar adjusted data",Greece,2024-12,106.4,,
ESTAT:TEIBS010(1.0),27/02/25 11:00:00,Monthly,Economic sentiment indicator,"Seasonally adjusted data, not calendar adjusted data",Greece,2025-01,108.6,,
ESTAT:TEIBS010(1.0),27/02/25 11:00:00,Monthly,Economic sentiment indicator,"Seasonally adjusted data, not calendar adjusted data",Greece,2025-02,106.9,,
ESTAT:TEIBS010(1.0),27/02/25 11:00:00,Monthly,Economic sentiment indicator,"Seasonally adjusted data, not calendar adjusted data",Spain,2024-03,102.0,,
ESTAT:TEIBS010(1.0),27/02/25 11:00:00,Monthly,Economic sentiment indicator,"Seasonally adjusted data, not calendar adjusted data",Spain,2024-04,104.3,,
ESTAT:TEIBS010(1.0),27/02/25 11:00:00,Monthly,Economic sentiment indicator,"Seasonally adjusted data, not calendar adjusted data",Spain,2024-05,101.3,,
ESTAT:TEIBS010(1.0),27/02/25 11:00:00,Monthly,Economic sentiment indicator,"Seasonally adjusted data, not calendar adjusted data",Spain,2024-06,102.3,,
ESTAT:TEIBS010(1.0),27/02/25 11:00:00,Monthly,Economic sentiment indicator,"Seasonally adjusted data, not calendar adjusted data",Spain,2024-07,104.0,,
ESTAT:TEIBS010(1.0),27/02/25 11:00:00,Monthly,Economic sentiment indicator,"Seasonally adjusted data, not calendar adjusted data",Spain,2024-08,105.3,,
ESTAT:TEIBS010(1.0),27/02/25 11:00:00,Monthly,Economic sentiment indicator,"Seasonally adjusted data, not calendar adjusted data",Spain,2024-09,107.2,,
ESTAT:TEIBS010(1.0),27/02/25 11:00:00,Monthly,Economic sentiment indicator,"Seasonally adjusted data, not calendar adjusted data",Spain,2024-10,99.8,,
ESTAT:TEIBS010(1.0),27/02/25 11:00:00,Monthly,Economic sentiment indicator,"Seasonally adjusted data, not calendar adjusted data",Spain,2024-11,101.9,,
ESTAT:TEIBS010(1.0),27/02/25 11:00:00,Monthly,Economic sentiment indicator,"Seasonally adjusted data, not calendar adjusted data",Spain,2024-12,102.8,,
ESTAT:TEIBS010(1.0),27/02/25 11:00:00,Monthly,Economic sentiment indicator,"Seasonally adjusted data, not calendar adjusted data",Spain,2025-01,104.3,,
ESTAT:TEIBS010(1.0),27/02/25 11:00:00,Monthly,Economic sentiment indicator,"Seasonally adjusted data, not calendar adjusted data",Spain,2025-02,102.3,,
ESTAT:TEIBS010(1.0),27/02/25 11:00:00,Monthly,Economic sentiment indicator,"Seasonally adjusted data, not calendar adjusted data",European Union - 27 countries (from 2020),2024-03,96.6,,
ESTAT:TEIBS010(1.0),27/02/25 11:00:00,Monthly,Economic sentiment indicator,"Seasonally adjusted data, not calendar adjusted data",European Union - 27 countries (from 2020),2024-04,96.1,,
ESTAT:TEIBS010(1.0),27/02/25 11:00:00,Monthly,Economic sentiment indicator,"Seasonally adjusted data, not calendar adjusted data",European Union - 27 countries (from 2020),2024-05,96.5,,
ESTAT:TEIBS010(1.0),27/02/25 11:00:00,Monthly,Economic sentiment indicator,"Seasonally adjusted data, not calendar adjusted data",European Union - 27 countries (from 2020),2024-06,96.3,,
ESTAT:TEIBS010(1.0),27/02/25 11:00:00,Monthly,Economic sentiment indicator,"Seasonally adjusted data, not calendar adjusted data",European Union - 27 countries (from 2020),2024-07,96.4,,
ESTAT:TEIBS010(1.0),27/02/25 11:00:00,Monthly,Economic sentiment indicator,"Seasonally adjusted data, not calendar adjusted data",European Union - 27 countries (from 2020),2024-08,96.8,,
ESTAT:TEIBS010(1.0),27/02/25 11:00:00,Monthly,Economic sentiment indicator,"Seasonally adjusted data, not calendar adjusted data",European Union - 27 countries (from 2020),2024-09,97.0,,
ESTAT:TEIBS010(1.0),27/02/25 11:00:00,Monthly,Economic sentiment indicator,"Seasonally adjusted data, not calendar adjusted data",European Union - 27 countries (from 2020),2024-10,96.3,,
ESTAT:TEIBS010(1.0),27/02/25 11:00:00,Monthly,Economic sentiment indicator,"Seasonally adjusted data, not calendar adjusted data",European Union - 27 countries (from 2020),2024-11,96.6,,
ESTAT:TEIBS010(1.0),27/02/25 11:00:00,Monthly,Economic sentiment indicator,"Seasonally adjusted data, not calendar adjusted data",European Union - 27 countries (from 2020),2024-12,94.8,,
ESTAT:TEIBS010(1.0),27/02/25 11:00:00,Monthly,Economic sentiment indicator,"Seasonally adjusted data, not calendar adjusted data",European Union - 27 countries (from 2020),2025-01,96.0,,
ESTAT:TEIBS010(1.0),27/02/25 11:00:00,Monthly,Economic sentiment indicator,"Seasonally adjusted data, not calendar adjusted data",European Union - 27 countries (from 2020),2025-02,97.1,,
ESTAT:TEIBS010(1.0),27/02/25 11:00:00,Monthly,Economic sentiment indicator,"Seasonally adjusted data, not calendar adjusted data",Finland,2024-03,87.2,,
ESTAT:TEIBS010(1.0),27/02/25 11:00:00,Monthly,Economic sentiment indicator,"Seasonally adjusted data, not calendar adjusted data",Finland,2024-04,83.6,,
ESTAT:TEIBS010(1.0),27/02/25 11:00:00,Monthly,Economic sentiment indicator,"Seasonally adjusted data, not calendar adjusted data",Finland,2024-05,85.8,,
ESTAT:TEIBS010(1.0),27/02/25 11:00:00,Monthly,Economic sentiment indicator,"Seasonally adjusted data, not calendar adjusted data",Finland,2024-06,88.6,,
ESTAT:TEIBS010(1.0),27/02/25 11:00:00,Monthly,Economic sentiment indicator,"Seasonally adjusted data, not calendar adjusted data",Finland,2024-07,89.8,,
ESTAT:TEIBS010(1.0),27/02/25 11:00:00,Monthly,Economic sentiment indicator,"Seasonally adjusted data, not calendar adjusted data",Finland,2024-08,90.4,,
ESTAT:TEIBS010(1.0),27/02/25 11:00:00,Monthly,Economic sentiment indicator,"Seasonally adjusted data, not calendar adjusted data",Finland,2024-09,88.7,,
ESTAT:TEIBS010(1.0),27/02/25 11:00:00,Monthly,Economic sentiment indicator,"Seasonally adjusted data, not calendar adjusted data",Finland,2024-10,91.3,,
ESTAT:TEIBS010(1.0),27/02/25 11:00:00,Monthly,Economic sentiment indicator,"Seasonally adjusted data, not calendar adjusted data",Finland,2024-11,92.7,,
ESTAT:TEIBS010(1.0),27/02/25 11:00:00,Monthly,Economic sentiment indicator,"Seasonally adjusted data, not calendar adjusted data",Finland,2024-12,92.1,,
ESTAT:TEIBS010(1.0),27/02/25 11:00:00,Monthly,Economic sentiment indicator,"Seasonally adjusted data, not calendar adjusted data",Finland,2025-01,92.7,,
ESTAT:TEIBS010(1.0),27/02/25 11:00:00,Monthly,Economic sentiment indicator,"Seasonally adjusted data, not calendar adjusted data",Finland,2025-02,93.4,,
ESTAT:TEIBS010(1.0),27/02/25 11:00:00,Monthly,Economic sentiment indicator,"Seasonally adjusted data, not calendar adjusted data",France,2024-03,101.0,,
ESTAT:TEIBS010(1.0),27/02/25 11:00:00,Monthly,Economic sentiment indicator,"Seasonally adjusted data, not calendar adjusted data",France,2024-04,95.7,,
ESTAT:TEIBS010(1.0),27/02/25 11:00:00,Monthly,Economic sentiment indicator,"Seasonally adjusted data, not calendar adjusted data",France,2024-05,98.4,,
ESTAT:TEIBS010(1.0),27/02/25 11:00:00,Monthly,Economic sentiment indicator,"Seasonally adjusted data, not calendar adjusted data",France,2024-06,97.5,,
ESTAT:TEIBS010(1.0),27/02/25 11:00:00,Monthly,Economic sentiment indicator,"Seasonally adjusted data, not calendar adjusted data",France,2024-07,94.9,,
ESTAT:TEIBS010(1.0),27/02/25 11:00:00,Monthly,Economic sentiment indicator,"Seasonally adjusted data, not calendar adjusted data",France,2024-08,98.7,,
ESTAT:TEIBS010(1.0),27/02/25 11:00:00,Monthly,Economic sentiment indicator,"Seasonally adjusted data, not calendar adjusted data",France,2024-09,98.2,,
ESTAT:TEIBS010(1.0),27/02/25 11:00:00,Monthly,Economic sentiment indicator,"Seasonally adjusted data, not calendar adjusted data",France,2024-10,93.9,,
ESTAT:TEIBS010(1.0),27/02/25 11:00:00,Monthly,Economic sentiment indicator,"Seasonally adjusted data, not calendar adjusted data",France,2024-11,96.6,,
ESTAT:TEIBS010(1.0),27/02/25 11:00:00,Monthly,Economic sentiment indicator,"Seasonally adjusted data, not calendar adjusted data",France,2024-12,93.0,,
ESTAT:TEIBS010(1.0),27/02/25 11:00:00,Monthly,Economic sentiment indicator,"Seasonally adjusted data, not calendar adjusted data",France,2025-01,96.3,,
ESTAT:TEIBS010(1.0),27/02/25 11:00:00,Monthly,Economic sentiment indicator,"Seasonally adjusted data, not calendar adjusted data",France,2025-02,98.6,,
ESTAT:TEIBS010(1.0),27/02/25 11:00:00,Monthly,Economic sentiment indicator,"Seasonally adjusted data, not calendar adjusted data",Croatia,2024-03,111.5,,
ESTAT:TEIBS010(1.0),27/02/25 11:00:00,Monthly,Economic sentiment indicator,"Seasonally adjusted data, not calendar adjusted data",Croatia,2024-04,107.1,,
ESTAT:TEIBS010(1.0),27/02/25 11:00:00,Monthly,Economic sentiment indicator,"Seasonally adjusted data, not calendar adjusted data",Croatia,2024-05,107.3,,
ESTAT:TEIBS010(1.0),27/02/25 11:00:00,Monthly,Economic sentiment indicator,"Seasonally adjusted data, not calendar adjusted data",Croatia,2024-06,104.9,,
ESTAT:TEIBS010(1.0),27/02/25 11:00:00,Monthly,Economic sentiment indicator,"Seasonally adjusted data, not calendar adjusted data",Croatia,2024-07,105.9,,
ESTAT:TEIBS010(1.0),27/02/25 11:00:00,Monthly,Economic sentiment indicator,"Seasonally adjusted data, not calendar adjusted data",Croatia,2024-08,107.8,,
ESTAT:TEIBS010(1.0),27/02/25 11:00:00,Monthly,Economic sentiment indicator,"Seasonally adjusted data, not calendar adjusted data",Croatia,2024-09,106.9,,
ESTAT:TEIBS010(1.0),27/02/25 11:00:00,Monthly,Economic sentiment indicator,"Seasonally adjusted data, not calendar adjusted data",Croatia,2024-10,105.7,,
ESTAT:TEIBS010(1.0),27/02/25 11:00:00,Monthly,Economic sentiment indicator,"Seasonally adjusted data, not calendar adjusted data",Croatia,2024-11,105.7,,
ESTAT:TEIBS010(1.0),27/02/25 11:00:00,Monthly,Economic sentiment indicator,"Seasonally adjusted data, not calendar adjusted data",Croatia,2024-12,106.6,,
ESTAT:TEIBS010(1.0),27/02/25 11:00:00,Monthly,Economic sentiment indicator,"Seasonally adjusted data, not calendar adjusted data",Croatia,2025-01,105.6,,
ESTAT:TEIBS010(1.0),27/02/25 11:00:00,Monthly,Economic sentiment indicator,"Seasonally adjusted data, not calendar adjusted data",Croatia,2025-02,105.1,,
ESTAT:TEIBS010(1.0),27/02/25 11:00:00,Monthly,Economic sentiment indicator,"Seasonally adjusted data, not calendar adjusted data",Hungary,2024-03,98.7,,
ESTAT:TEIBS010(1.0),27/02/25 11:00:00,Monthly,Economic sentiment indicator,"Seasonally adjusted data, not calendar adjusted data",Hungary,2024-04,98.9,,
ESTAT:TEIBS010(1.0),27/02/25 11:00:00,Monthly,Economic sentiment indicator,"Seasonally adjusted data, not calendar adjusted data",Hungary,2024-05,98.3,,
ESTAT:TEIBS010(1.0),27/02/25 11:00:00,Monthly,Economic sentiment indicator,"Seasonally adjusted data, not calendar adjusted data",Hungary,2024-06,101.8,,
ESTAT:TEIBS010(1.0),27/02/25 11:00:00,Monthly,Economic sentiment indicator,"Seasonally adjusted data, not calendar adjusted data",Hungary,2024-07,98.9,,
ESTAT:TEIBS010(1.0),27/02/25 11:00:00,Monthly,Economic sentiment indicator,"Seasonally adjusted data, not calendar adjusted data",Hungary,2024-08,99.1,,
ESTAT:TEIBS010(1.0),27/02/25 11:00:00,Monthly,Economic sentiment indicator,"Seasonally adjusted data, not calendar adjusted data",Hungary,2024-09,98.6,,
ESTAT:TEIBS010(1.0),27/02/25 11:00:00,Monthly,Economic sentiment indicator,"Seasonally adjusted data, not calendar adjusted data",Hungary,2024-10,96.5,,
ESTAT:TEIBS010(1.0),27/02/25 11:00:00,Monthly,Economic sentiment indicator,"Seasonally adjusted data, not calendar adjusted data",Hungary,2024-11,95.0,,
ESTAT:TEIBS010(1.0),27/02/25 11:00:00,Monthly,Economic sentiment indicator,"Seasonally adjusted data, not calendar adjusted data",Hungary,2024-12,91.7,,
ESTAT:TEIBS010(1.0),27/02/25 11:00:00,Monthly,Economic sentiment indicator,"Seasonally adjusted data, not calendar adjusted data",Hungary,2025-01,91.0,,
ESTAT:TEIBS010(1.0),27/02/25 11:00:00,Monthly,Economic sentiment indicator,"Seasonally adjusted data, not calendar adjusted data",Hungary,2025-02,93.6,,
ESTAT:TEIBS010(1.0),27/02/25 11:00:00,Monthly,Economic sentiment indicator,"Seasonally adjusted data, not calendar adjusted data",Italy,2024-03,100.7,,
ESTAT:TEIBS010(1.0),27/02/25 11:00:00,Monthly,Economic sentiment indicator,"Seasonally adjusted data, not calendar adjusted data",Italy,2024-04,99.7,,
ESTAT:TEIBS010(1.0),27/02/25 11:00:00,Monthly,Economic sentiment indicator,"Seasonally adjusted data, not calendar adjusted data",Italy,2024-05,100.4,,
ESTAT:TEIBS010(1.0),27/02/25 11:00:00,Monthly,Economic sentiment indicator,"Seasonally adjusted data, not calendar adjusted data",Italy,2024-06,99.6,,
ESTAT:TEIBS010(1.0),27/02/25 11:00:00,Monthly,Economic sentiment indicator,"Seasonally adjusted data, not calendar adjusted data",Italy,2024-07,100.0,,
ESTAT:TEIBS010(1.0),27/02/25 11:00:00,Monthly,Economic sentiment indicator,"Seasonally adjusted data, not calendar adjusted data",Italy,2024-08,98.7,,
ESTAT:TEIBS010(1.0),27/02/25 11:00:00,Monthly,Economic sentiment indicator,"Seasonally adjusted data, not calendar adjusted data",Italy,2024-09,99.9,,
ESTAT:TEIBS010(1.0),27/02/25 11:00:00,Monthly,Economic sentiment indicator,"Seasonally adjusted data, not calendar adjusted data",Italy,2024-10,99.5,,
ESTAT:TEIBS010(1.0),27/02/25 11:00:00,Monthly,Economic sentiment indicator,"Seasonally adjusted data, not calendar adjusted data",Italy,2024-11,99.4,,
ESTAT:TEIBS010(1.0),27/02/25 11:00:00,Monthly,Economic sentiment indicator,"Seasonally adjusted data, not calendar adjusted data",Italy,2024-12,98.4,,
ESTAT:TEIBS010(1.0),27/02/25 11:00:00,Monthly,Economic sentiment indicator,"Seasonally adjusted data, not calendar adjusted data",Italy,2025-01,100.2,,
ESTAT:TEIBS010(1.0),27/02/25 11:00:00,Monthly,Economic sentiment indicator,"Seasonally adjusted data, not calendar adjusted data",Italy,2025-02,99.8,,
ESTAT:TEIBS010(1.0),27/02/25 11:00:00,Monthly,Economic sentiment indicator,"Seasonally adjusted data, not calendar adjusted data",Lithuania,2024-03,97.1,,
ESTAT:TEIBS010(1.0),27/02/25 11:00:00,Monthly,Economic sentiment indicator,"Seasonally adjusted data, not calendar adjusted data",Lithuania,2024-04,98.4,,
ESTAT:TEIBS010(1.0),27/02/25 11:00:00,Monthly,Economic sentiment indicator,"Seasonally adjusted data, not calendar adjusted data",Lithuania,2024-05,100.3,,
ESTAT:TEIBS010(1.0),27/02/25 11:00:00,Monthly,Economic sentiment indicator,"Seasonally adjusted data, not calendar adjusted data",Lithuania,2024-06,100.3,,
ESTAT:TEIBS010(1.0),27/02/25 11:00:00,Monthly,Economic sentiment indicator,"Seasonally adjusted data, not calendar adjusted data",Lithuania,2024-07,100.4,,
ESTAT:TEIBS010(1.0),27/02/25 11:00:00,Monthly,Economic sentiment indicator,"Seasonally adjusted data, not calendar adjusted data",Lithuania,2024-08,101.7,,
ESTAT:TEIBS010(1.0),27/02/25 11:00:00,Monthly,Economic sentiment indicator,"Seasonally adjusted data, not calendar adjusted data",Lithuania,2024-09,101.8,,
ESTAT:TEIBS010(1.0),27/02/25 11:00:00,Monthly,Economic sentiment indicator,"Seasonally adjusted data, not calendar adjusted data",Lithuania,2024-10,103.3,,
ESTAT:TEIBS010(1.0),27/02/25 11:00:00,Monthly,Economic sentiment indicator,"Seasonally adjusted data, not calendar adjusted data",Lithuania,2024-11,105.6,,
ESTAT:TEIBS010(1.0),27/02/25 11:00:00,Monthly,Economic sentiment indicator,"Seasonally adjusted data, not calendar adjusted data",Lithuania,2024-12,105.5,,
ESTAT:TEIBS010(1.0),27/02/25 11:00:00,Monthly,Economic sentiment indicator,"Seasonally adjusted data, not calendar adjusted data",Lithuania,2025-01,102.9,,
ESTAT:TEIBS010(1.0),27/02/25 11:00:00,Monthly,Economic sentiment indicator,"Seasonally adjusted data, not calendar adjusted data",Lithuania,2025-02,101.6,,
ESTAT:TEIBS010(1.0),27/02/25 11:00:00,Monthly,Economic sentiment indicator,"Seasonally adjusted data, not calendar adjusted data",Luxembourg,2024-03,95.9,,
ESTAT:TEIBS010(1.0),27/02/25 11:00:00,Monthly,Economic sentiment indicator,"Seasonally adjusted data, not calendar adjusted data",Luxembourg,2024-04,96.4,,
ESTAT:TEIBS010(1.0),27/02/25 11:00:00,Monthly,Economic sentiment indicator,"Seasonally adjusted data, not calendar adjusted data",Luxembourg,2024-05,97.3,,
ESTAT:TEIBS010(1.0),27/02/25 11:00:00,Monthly,Economic sentiment indicator,"Seasonally adjusted data, not calendar adjusted data",Luxembourg,2024-06,95.6,,
ESTAT:TEIBS010(1.0),27/02/25 11:00:00,Monthly,Economic sentiment indicator,"Seasonally adjusted data, not calendar adjusted data",Luxembourg,2024-07,89.6,,
ESTAT:TEIBS010(1.0),27/02/25 11:00:00,Monthly,Economic sentiment indicator,"Seasonally adjusted data, not calendar adjusted data",Luxembourg,2024-08,89.6,,
ESTAT:TEIBS010(1.0),27/02/25 11:00:00,Monthly,Economic sentiment indicator,"Seasonally adjusted data, not calendar adjusted data",Luxembourg,2024-09,100.4,,
ESTAT:TEIBS010(1.0),27/02/25 11:00:00,Monthly,Economic sentiment indicator,"Seasonally adjusted data, not calendar adjusted data",Luxembourg,2024-10,97.4,,
ESTAT:TEIBS010(1.0),27/02/25 11:00:00,Monthly,Economic sentiment indicator,"Seasonally adjusted data, not calendar adjusted data",Luxembourg,2024-11,98.0,,
ESTAT:TEIBS010(1.0),27/02/25 11:00:00,Monthly,Economic sentiment indicator,"Seasonally adjusted data, not calendar adjusted data",Luxembourg,2024-12,93.1,,
ESTAT:TEIBS010(1.0),27/02/25 11:00:00,Monthly,Economic sentiment indicator,"Seasonally adjusted data, not calendar adjusted data",Luxembourg,2025-01,98.2,,
ESTAT:TEIBS010(1.0),27/02/25 11:00:00,Monthly,Economic sentiment indicator,"Seasonally adjusted data, not calendar adjusted data",Luxembourg,2025-02,97.5,,
ESTAT:TEIBS010(1.0),27/02/25 11:00:00,Monthly,Economic sentiment indicator,"Seasonally adjusted data, not calendar adjusted data",Latvia,2024-03,97.9,,
ESTAT:TEIBS010(1.0),27/02/25 11:00:00,Monthly,Economic sentiment indicator,"Seasonally adjusted data, not calendar adjusted data",Latvia,2024-04,98.3,,
ESTAT:TEIBS010(1.0),27/02/25 11:00:00,Monthly,Economic sentiment indicator,"Seasonally adjusted data, not calendar adjusted data",Latvia,2024-05,97.7,,
ESTAT:TEIBS010(1.0),27/02/25 11:00:00,Monthly,Economic sentiment indicator,"Seasonally adjusted data, not calendar adjusted data",Latvia,2024-06,97.4,,
ESTAT:TEIBS010(1.0),27/02/25 11:00:00,Monthly,Economic sentiment indicator,"Seasonally adjusted data, not calendar adjusted data",Latvia,2024-07,96.2,,
ESTAT:TEIBS010(1.0),27/02/25 11:00:00,Monthly,Economic sentiment indicator,"Seasonally adjusted data, not calendar adjusted data",Latvia,2024-08,97.3,,
ESTAT:TEIBS010(1.0),27/02/25 11:00:00,Monthly,Economic sentiment indicator,"Seasonally adjusted data, not calendar adjusted data",Latvia,2024-09,98.4,,
ESTAT:TEIBS010(1.0),27/02/25 11:00:00,Monthly,Economic sentiment indicator,"Seasonally adjusted data, not calendar adjusted data",Latvia,2024-10,97.9,,
ESTAT:TEIBS010(1.0),27/02/25 11:00:00,Monthly,Economic sentiment indicator,"Seasonally adjusted data, not calendar adjusted data",Latvia,2024-11,98.6,,
ESTAT:TEIBS010(1.0),27/02/25 11:00:00,Monthly,Economic sentiment indicator,"Seasonally adjusted data, not calendar adjusted data",Latvia,2024-12,98.0,,
ESTAT:TEIBS010(1.0),27/02/25 11:00:00,Monthly,Economic sentiment indicator,"Seasonally adjusted data, not calendar adjusted data",Latvia,2025-01,97.4,,
ESTAT:TEIBS010(1.0),27/02/25 11:00:00,Monthly,Economic sentiment indicator,"Seasonally adjusted data, not calendar adjusted data",Latvia,2025-02,98.3,,
ESTAT:TEIBS010(1.0),27/02/25 11:00:00,Monthly,Economic sentiment indicator,"Seasonally adjusted data, not calendar adjusted data",Montenegro,2024-03,111.5,,
ESTAT:TEIBS010(1.0),27/02/25 11:00:00,Monthly,Economic sentiment indicator,"Seasonally adjusted data, not calendar adjusted data",Montenegro,2024-04,110.2,,
ESTAT:TEIBS010(1.0),27/02/25 11:00:00,Monthly,Economic sentiment indicator,"Seasonally adjusted data, not calendar adjusted data",Montenegro,2024-05,110.5,,
ESTAT:TEIBS010(1.0),27/02/25 11:00:00,Monthly,Economic sentiment indicator,"Seasonally adjusted data, not calendar adjusted data",Montenegro,2024-06,109.3,,
ESTAT:TEIBS010(1.0),27/02/25 11:00:00,Monthly,Economic sentiment indicator,"Seasonally adjusted data, not calendar adjusted data",Montenegro,2024-07,110.6,,
ESTAT:TEIBS010(1.0),27/02/25 11:00:00,Monthly,Economic sentiment indicator,"Seasonally adjusted data, not calendar adjusted data",Montenegro,2024-08,109.6,,
ESTAT:TEIBS010(1.0),27/02/25 11:00:00,Monthly,Economic sentiment indicator,"Seasonally adjusted data, not calendar adjusted data",Montenegro,2024-09,108.3,,
ESTAT:TEIBS010(1.0),27/02/25 11:00:00,Monthly,Economic sentiment indicator,"Seasonally adjusted data, not calendar adjusted data",Montenegro,2024-10,110.2,,
ESTAT:TEIBS010(1.0),27/02/25 11:00:00,Monthly,Economic sentiment indicator,"Seasonally adjusted data, not calendar adjusted data",Montenegro,2024-11,110.6,,
ESTAT:TEIBS010(1.0),27/02/25 11:00:00,Monthly,Economic sentiment indicator,"Seasonally adjusted data, not calendar adjusted data",Montenegro,2024-12,111.1,,
ESTAT:TEIBS010(1.0),27/02/25 11:00:00,Monthly,Economic sentiment indicator,"Seasonally adjusted data, not calendar adjusted data",Montenegro,2025-01,109.6,,
ESTAT:TEIBS010(1.0),27/02/25 11:00:00,Monthly,Economic sentiment indicator,"Seasonally adjusted data, not calendar adjusted data",Montenegro,2025-02,108.0,,
ESTAT:TEIBS010(1.0),27/02/25 11:00:00,Monthly,Economic sentiment indicator,"Seasonally adjusted data, not calendar adjusted data",North Macedonia,2024-03,97.1,,
ESTAT:TEIBS010(1.0),27/02/25 11:00:00,Monthly,Economic sentiment indicator,"Seasonally adjusted data, not calendar adjusted data",North Macedonia,2024-04,98.1,,
ESTAT:TEIBS010(1.0),27/02/25 11:00:00,Monthly,Economic sentiment indicator,"Seasonally adjusted data, not calendar adjusted data",North Macedonia,2024-05,103.5,,
ESTAT:TEIBS010(1.0),27/02/25 11:00:00,Monthly,Economic sentiment indicator,"Seasonally adjusted data, not calendar adjusted data",North Macedonia,2024-06,101.1,,
ESTAT:TEIBS010(1.0),27/02/25 11:00:00,Monthly,Economic sentiment indicator,"Seasonally adjusted data, not calendar adjusted data",North Macedonia,2024-07,103.9,,
ESTAT:TEIBS010(1.0),27/02/25 11:00:00,Monthly,Economic sentiment indicator,"Seasonally adjusted data, not calendar adjusted data",North Macedonia,2024-08,98.8,,
ESTAT:TEIBS010(1.0),27/02/25 11:00:00,Monthly,Economic sentiment indicator,"Seasonally adjusted data, not calendar adjusted data",North Macedonia,2024-09,100.7,,
ESTAT:TEIBS010(1.0),27/02/25 11:00:00,Monthly,Economic sentiment indicator,"Seasonally adjusted data, not calendar adjusted data",North Macedonia,2024-10,102.8,,
ESTAT:TEIBS010(1.0),27/02/25 11:00:00,Monthly,Economic sentiment indicator,"Seasonally adjusted data, not calendar adjusted data",North Macedonia,2024-11,101.2,,
ESTAT:TEIBS010(1.0),27/02/25 11:00:00,Monthly,Economic sentiment indicator,"Seasonally adjusted data, not calendar adjusted data",North Macedonia,2024-12,104.9,,
ESTAT:TEIBS010(1.0),27/02/25 11:00:00,Monthly,Economic sentiment indicator,"Seasonally adjusted data, not calendar adjusted data",North Macedonia,2025-01,105.9,,
ESTAT:TEIBS010(1.0),27/02/25 11:00:00,Monthly,Economic sentiment indicator,"Seasonally adjusted data, not calendar adjusted data",North Macedonia,2025-02,98.0,,
ESTAT:TEIBS010(1.0),27/02/25 11:00:00,Monthly,Economic sentiment indicator,"Seasonally adjusted data, not calendar adjusted data",Malta,2024-03,96.8,,
ESTAT:TEIBS010(1.0),27/02/25 11:00:00,Monthly,Economic sentiment indicator,"Seasonally adjusted data, not calendar adjusted data",Malta,2024-04,96.1,,
ESTAT:TEIBS010(1.0),27/02/25 11:00:00,Monthly,Economic sentiment indicator,"Seasonally adjusted data, not calendar adjusted data",Malta,2024-05,97.6,,
ESTAT:TEIBS010(1.0),27/02/25 11:00:00,Monthly,Economic sentiment indicator,"Seasonally adjusted data, not calendar adjusted data",Malta,2024-06,97.9,,
ESTAT:TEIBS010(1.0),27/02/25 11:00:00,Monthly,Economic sentiment indicator,"Seasonally adjusted data, not calendar adjusted data",Malta,2024-07,97.3,,
ESTAT:TEIBS010(1.0),27/02/25 11:00:00,Monthly,Economic sentiment indicator,"Seasonally adjusted data, not calendar adjusted data",Malta,2024-08,99.1,,
ESTAT:TEIBS010(1.0),27/02/25 11:00:00,Monthly,Economic sentiment indicator,"Seasonally adjusted data, not calendar adjusted data",Malta,2024-09,86.5,,
ESTAT:TEIBS010(1.0),27/02/25 11:00:00,Monthly,Economic sentiment indicator,"Seasonally adjusted data, not calendar adjusted data",Malta,2024-10,103.0,,
ESTAT:TEIBS010(1.0),27/02/25 11:00:00,Monthly,Economic sentiment indicator,"Seasonally adjusted data, not calendar adjusted data",Malta,2024-11,109.6,,
ESTAT:TEIBS010(1.0),27/02/25 11:00:00,Monthly,Economic sentiment indicator,"Seasonally adjusted data, not calendar adjusted data",Malta,2024-12,93.3,,
ESTAT:TEIBS010(1.0),27/02/25 11:00:00,Monthly,Economic sentiment indicator,"Seasonally adjusted data, not calendar adjusted data",Malta,2025-01,99.1,,
ESTAT:TEIBS010(1.0),27/02/25 11:00:00,Monthly,Economic sentiment indicator,"Seasonally adjusted data, not calendar adjusted data",Malta,2025-02,95.0,,
ESTAT:TEIBS010(1.0),27/02/25 11:00:00,Monthly,Economic sentiment indicator,"Seasonally adjusted data, not calendar adjusted data",Netherlands,2024-03,97.7,,
ESTAT:TEIBS010(1.0),27/02/25 11:00:00,Monthly,Economic sentiment indicator,"Seasonally adjusted data, not calendar adjusted data",Netherlands,2024-04,98.1,,
ESTAT:TEIBS010(1.0),27/02/25 11:00:00,Monthly,Economic sentiment indicator,"Seasonally adjusted data, not calendar adjusted data",Netherlands,2024-05,99.2,,
ESTAT:TEIBS010(1.0),27/02/25 11:00:00,Monthly,Economic sentiment indicator,"Seasonally adjusted data, not calendar adjusted data",Netherlands,2024-06,99.7,,
ESTAT:TEIBS010(1.0),27/02/25 11:00:00,Monthly,Economic sentiment indicator,"Seasonally adjusted data, not calendar adjusted data",Netherlands,2024-07,99.6,,
ESTAT:TEIBS010(1.0),27/02/25 11:00:00,Monthly,Economic sentiment indicator,"Seasonally adjusted data, not calendar adjusted data",Netherlands,2024-08,100.8,,
ESTAT:TEIBS010(1.0),27/02/25 11:00:00,Monthly,Economic sentiment indicator,"Seasonally adjusted data, not calendar adjusted data",Netherlands,2024-09,101.2,,
ESTAT:TEIBS010(1.0),27/02/25 11:00:00,Monthly,Economic sentiment indicator,"Seasonally adjusted data, not calendar adjusted data",Netherlands,2024-10,99.1,,
ESTAT:TEIBS010(1.0),27/02/25 11:00:00,Monthly,Economic sentiment indicator,"Seasonally adjusted data, not calendar adjusted data",Netherlands,2024-11,100.5,,
ESTAT:TEIBS010(1.0),27/02/25 11:00:00,Monthly,Economic sentiment indicator,"Seasonally adjusted data, not calendar adjusted data",Netherlands,2024-12,100.4,,
ESTAT:TEIBS010(1.0),27/02/25 11:00:00,Monthly,Economic sentiment indicator,"Seasonally adjusted data, not calendar adjusted data",Netherlands,2025-01,99.5,,
ESTAT:TEIBS010(1.0),27/02/25 11:00:00,Monthly,Economic sentiment indicator,"Seasonally adjusted data, not calendar adjusted data",Netherlands,2025-02,100.3,,
ESTAT:TEIBS010(1.0),27/02/25 11:00:00,Monthly,Economic sentiment indicator,"Seasonally adjusted data, not calendar adjusted data",Poland,2024-03,101.5,,
ESTAT:TEIBS010(1.0),27/02/25 11:00:00,Monthly,Economic sentiment indicator,"Seasonally adjusted data, not calendar adjusted data",Poland,2024-04,102.5,,
ESTAT:TEIBS010(1.0),27/02/25 11:00:00,Monthly,Economic sentiment indicator,"Seasonally adjusted data, not calendar adjusted data",Poland,2024-05,101.0,,
ESTAT:TEIBS010(1.0),27/02/25 11:00:00,Monthly,Economic sentiment indicator,"Seasonally adjusted data, not calendar adjusted data",Poland,2024-06,101.0,,
ESTAT:TEIBS010(1.0),27/02/25 11:00:00,Monthly,Economic sentiment indicator,"Seasonally adjusted data, not calendar adjusted data",Poland,2024-07,99.6,,
ESTAT:TEIBS010(1.0),27/02/25 11:00:00,Monthly,Economic sentiment indicator,"Seasonally adjusted data, not calendar adjusted data",Poland,2024-08,99.7,,
ESTAT:TEIBS010(1.0),27/02/25 11:00:00,Monthly,Economic sentiment indicator,"Seasonally adjusted data, not calendar adjusted data",Poland,2024-09,101.7,,
ESTAT:TEIBS010(1.0),27/02/25 11:00:00,Monthly,Economic sentiment indicator,"Seasonally adjusted data, not calendar adjusted data",Poland,2024-10,98.8,,
ESTAT:TEIBS010(1.0),27/02/25 11:00:00,Monthly,Economic sentiment indicator,"Seasonally adjusted data, not calendar adjusted data",Poland,2024-11,99.1,,
ESTAT:TEIBS010(1.0),27/02/25 11:00:00,Monthly,Economic sentiment indicator,"Seasonally adjusted data, not calendar adjusted data",Poland,2024-12,99.5,,
ESTAT:TEIBS010(1.0),27/02/25 11:00:00,Monthly,Economic sentiment indicator,"Seasonally adjusted data, not calendar adjusted data",Poland,2025-01,97.5,,
ESTAT:TEIBS010(1.0),27/02/25 11:00:00,Monthly,Economic sentiment indicator,"Seasonally adjusted data, not calendar adjusted data",Poland,2025-02,100.9,,
ESTAT:TEIBS010(1.0),27/02/25 11:00:00,Monthly,Economic sentiment indicator,"Seasonally adjusted data, not calendar adjusted data",Portugal,2024-03,100.4,,
ESTAT:TEIBS010(1.0),27/02/25 11:00:00,Monthly,Economic sentiment indicator,"Seasonally adjusted data, not calendar adjusted data",Portugal,2024-04,101.0,,
ESTAT:TEIBS010(1.0),27/02/25 11:00:00,Monthly,Economic sentiment indicator,"Seasonally adjusted data, not calendar adjusted data",Portugal,2024-05,101.0,,
ESTAT:TEIBS010(1.0),27/02/25 11:00:00,Monthly,Economic sentiment indicator,"Seasonally adjusted data, not calendar adjusted data",Portugal,2024-06,101.2,,
ESTAT:TEIBS010(1.0),27/02/25 11:00:00,Monthly,Economic sentiment indicator,"Seasonally adjusted data, not calendar adjusted data",Portugal,2024-07,101.5,,
ESTAT:TEIBS010(1.0),27/02/25 11:00:00,Monthly,Economic sentiment indicator,"Seasonally adjusted data, not calendar adjusted data",Portugal,2024-08,101.3,,
ESTAT:TEIBS010(1.0),27/02/25 11:00:00,Monthly,Economic sentiment indicator,"Seasonally adjusted data, not calendar adjusted data",Portugal,2024-09,104.3,,
ESTAT:TEIBS010(1.0),27/02/25 11:00:00,Monthly,Economic sentiment indicator,"Seasonally adjusted data, not calendar adjusted data",Portugal,2024-10,105.9,,
ESTAT:TEIBS010(1.0),27/02/25 11:00:00,Monthly,Economic sentiment indicator,"Seasonally adjusted data, not calendar adjusted data",Portugal,2024-11,106.8,,
ESTAT:TEIBS010(1.0),27/02/25 11:00:00,Monthly,Economic sentiment indicator,"Seasonally adjusted data, not calendar adjusted data",Portugal,2024-12,106.9,,
ESTAT:TEIBS010(1.0),27/02/25 11:00:00,Monthly,Economic sentiment indicator,"Seasonally adjusted data, not calendar adjusted data",Portugal,2025-01,107.1,,
ESTAT:TEIBS010(1.0),27/02/25 11:00:00,Monthly,Economic sentiment indicator,"Seasonally adjusted data, not calendar adjusted data",Portugal,2025-02,103.9,,
ESTAT:TEIBS010(1.0),27/02/25 11:00:00,Monthly,Economic sentiment indicator,"Seasonally adjusted data, not calendar adjusted data",Romania,2024-03,104.1,,
ESTAT:TEIBS010(1.0),27/02/25 11:00:00,Monthly,Economic sentiment indicator,"Seasonally adjusted data, not calendar adjusted data",Romania,2024-04,105.0,,
ESTAT:TEIBS010(1.0),27/02/25 11:00:00,Monthly,Economic sentiment indicator,"Seasonally adjusted data, not calendar adjusted data",Romania,2024-05,102.6,,
ESTAT:TEIBS010(1.0),27/02/25 11:00:00,Monthly,Economic sentiment indicator,"Seasonally adjusted data, not calendar adjusted data",Romania,2024-06,104.3,,
ESTAT:TEIBS010(1.0),27/02/25 11:00:00,Monthly,Economic sentiment indicator,"Seasonally adjusted data, not calendar adjusted data",Romania,2024-07,102.3,,
ESTAT:TEIBS010(1.0),27/02/25 11:00:00,Monthly,Economic sentiment indicator,"Seasonally adjusted data, not calendar adjusted data",Romania,2024-08,103.6,,
ESTAT:TEIBS010(1.0),27/02/25 11:00:00,Monthly,Economic sentiment indicator,"Seasonally adjusted data, not calendar adjusted data",Romania,2024-09,102.9,,
ESTAT:TEIBS010(1.0),27/02/25 11:00:00,Monthly,Economic sentiment indicator,"Seasonally adjusted data, not calendar adjusted data",Romania,2024-10,104.9,,
ESTAT:TEIBS010(1.0),27/02/25 11:00:00,Monthly,Economic sentiment indicator,"Seasonally adjusted data, not calendar adjusted data",Romania,2024-11,105.2,,
ESTAT:TEIBS010(1.0),27/02/25 11:00:00,Monthly,Economic sentiment indicator,"Seasonally adjusted data, not calendar adjusted data",Romania,2024-12,102.4,,
ESTAT:TEIBS010(1.0),27/02/25 11:00:00,Monthly,Economic sentiment indicator,"Seasonally adjusted data, not calendar adjusted data",Romania,2025-01,99.6,,
ESTAT:TEIBS010(1.0),27/02/25 11:00:00,Monthly,Economic sentiment indicator,"Seasonally adjusted data, not calendar adjusted data",Romania,2025-02,101.2,,
ESTAT:TEIBS010(1.0),27/02/25 11:00:00,Monthly,Economic sentiment indicator,"Seasonally adjusted data, not calendar adjusted data",Serbia,2024-03,105.7,,
ESTAT:TEIBS010(1.0),27/02/25 11:00:00,Monthly,Economic sentiment indicator,"Seasonally adjusted data, not calendar adjusted data",Serbia,2024-04,103.6,,
ESTAT:TEIBS010(1.0),27/02/25 11:00:00,Monthly,Economic sentiment indicator,"Seasonally adjusted data, not calendar adjusted data",Serbia,2024-05,102.1,,
ESTAT:TEIBS010(1.0),27/02/25 11:00:00,Monthly,Economic sentiment indicator,"Seasonally adjusted data, not calendar adjusted data",Serbia,2024-06,105.2,,
ESTAT:TEIBS010(1.0),27/02/25 11:00:00,Monthly,Economic sentiment indicator,"Seasonally adjusted data, not calendar adjusted data",Serbia,2024-07,103.4,,
ESTAT:TEIBS010(1.0),27/02/25 11:00:00,Monthly,Economic sentiment indicator,"Seasonally adjusted data, not calendar adjusted data",Serbia,2024-08,103.8,,
ESTAT:TEIBS010(1.0),27/02/25 11:00:00,Monthly,Economic sentiment indicator,"Seasonally adjusted data, not calendar adjusted data",Serbia,2024-09,106.7,,
ESTAT:TEIBS010(1.0),27/02/25 11:00:00,Monthly,Economic sentiment indicator,"Seasonally adjusted data, not calendar adjusted data",Serbia,2024-10,103.9,,
ESTAT:TEIBS010(1.0),27/02/25 11:00:00,Monthly,Economic sentiment indicator,"Seasonally adjusted data, not calendar adjusted data",Serbia,2024-11,101.8,,
ESTAT:TEIBS010(1.0),27/02/25 11:00:00,Monthly,Economic sentiment indicator,"Seasonally adjusted data, not calendar adjusted data",Serbia,2024-12,105.4,,
ESTAT:TEIBS010(1.0),27/02/25 11:00:00,Monthly,Economic sentiment indicator,"Seasonally adjusted data, not calendar adjusted data",Serbia,2025-01,101.4,,
ESTAT:TEIBS010(1.0),27/02/25 11:00:00,Monthly,Economic sentiment indicator,"Seasonally adjusted data, not calendar adjusted data",Serbia,2025-02,96.8,,
ESTAT:TEIBS010(1.0),27/02/25 11:00:00,Monthly,Economic sentiment indicator,"Seasonally adjusted data, not calendar adjusted data",Sweden,2024-03,93.5,,
ESTAT:TEIBS010(1.0),27/02/25 11:00:00,Monthly,Economic sentiment indicator,"Seasonally adjusted data, not calendar adjusted data",Sweden,2024-04,94.5,,
ESTAT:TEIBS010(1.0),27/02/25 11:00:00,Monthly,Economic sentiment indicator,"Seasonally adjusted data, not calendar adjusted data",Sweden,2024-05,95.0,,
ESTAT:TEIBS010(1.0),27/02/25 11:00:00,Monthly,Economic sentiment indicator,"Seasonally adjusted data, not calendar adjusted data",Sweden,2024-06,96.7,,
ESTAT:TEIBS010(1.0),27/02/25 11:00:00,Monthly,Economic sentiment indicator,"Seasonally adjusted data, not calendar adjusted data",Sweden,2024-07,95.3,,
ESTAT:TEIBS010(1.0),27/02/25 11:00:00,Monthly,Economic sentiment indicator,"Seasonally adjusted data, not calendar adjusted data",Sweden,2024-08,95.9,,
ESTAT:TEIBS010(1.0),27/02/25 11:00:00,Monthly,Economic sentiment indicator,"Seasonally adjusted data, not calendar adjusted data",Sweden,2024-09,94.8,,
ESTAT:TEIBS010(1.0),27/02/25 11:00:00,Monthly,Economic sentiment indicator,"Seasonally adjusted data, not calendar adjusted data",Sweden,2024-10,93.0,,
ESTAT:TEIBS010(1.0),27/02/25 11:00:00,Monthly,Economic sentiment indicator,"Seasonally adjusted data, not calendar adjusted data",Sweden,2024-11,96.6,,
ESTAT:TEIBS010(1.0),27/02/25 11:00:00,Monthly,Economic sentiment indicator,"Seasonally adjusted data, not calendar adjusted data",Sweden,2024-12,96.2,,
ESTAT:TEIBS010(1.0),27/02/25 11:00:00,Monthly,Economic sentiment indicator,"Seasonally adjusted data, not calendar adjusted data",Sweden,2025-01,97.1,,
ESTAT:TEIBS010(1.0),27/02/25 11:00:00,Monthly,Economic sentiment indicator,"Seasonally adjusted data, not calendar adjusted data",Sweden,2025-02,97.6,,
ESTAT:TEIBS010(1.0),27/02/25 11:00:00,Monthly,Economic sentiment indicator,"Seasonally adjusted data, not calendar adjusted data",Slovenia,2024-03,96.3,,
ESTAT:TEIBS010(1.0),27/02/25 11:00:00,Monthly,Economic sentiment indicator,"Seasonally adjusted data, not calendar adjusted data",Slovenia,2024-04,97.3,,
ESTAT:TEIBS010(1.0),27/02/25 11:00:00,Monthly,Economic sentiment indicator,"Seasonally adjusted data, not calendar adjusted data",Slovenia,2024-05,97.6,,
ESTAT:TEIBS010(1.0),27/02/25 11:00:00,Monthly,Economic sentiment indicator,"Seasonally adjusted data, not calendar adjusted data",Slovenia,2024-06,98.2,,
ESTAT:TEIBS010(1.0),27/02/25 11:00:00,Monthly,Economic sentiment indicator,"Seasonally adjusted data, not calendar adjusted data",Slovenia,2024-07,97.8,,
ESTAT:TEIBS010(1.0),27/02/25 11:00:00,Monthly,Economic sentiment indicator,"Seasonally adjusted data, not calendar adjusted data",Slovenia,2024-08,97.6,,
ESTAT:TEIBS010(1.0),27/02/25 11:00:00,Monthly,Economic sentiment indicator,"Seasonally adjusted data, not calendar adjusted data",Slovenia,2024-09,96.9,,
ESTAT:TEIBS010(1.0),27/02/25 11:00:00,Monthly,Economic sentiment indicator,"Seasonally adjusted data, not calendar adjusted data",Slovenia,2024-10,95.9,,
ESTAT:TEIBS010(1.0),27/02/25 11:00:00,Monthly,Economic sentiment indicator,"Seasonally adjusted data, not calendar adjusted data",Slovenia,2024-11,97.4,,
ESTAT:TEIBS010(1.0),27/02/25 11:00:00,Monthly,Economic sentiment indicator,"Seasonally adjusted data, not calendar adjusted data",Slovenia,2024-12,97.8,,
ESTAT:TEIBS010(1.0),27/02/25 11:00:00,Monthly,Economic sentiment indicator,"Seasonally adjusted data, not calendar adjusted data",Slovenia,2025-01,96.7,,
ESTAT:TEIBS010(1.0),27/02/25 11:00:00,Monthly,Economic sentiment indicator,"Seasonally adjusted data, not calendar adjusted data",Slovenia,2025-02,97.5,,
ESTAT:TEIBS010(1.0),27/02/25 11:00:00,Monthly,Economic sentiment indicator,"Seasonally adjusted data, not calendar adjusted data",Slovakia,2024-03,100.1,,
ESTAT:TEIBS010(1.0),27/02/25 11:00:00,Monthly,Economic sentiment indicator,"Seasonally adjusted data, not calendar adjusted data",Slovakia,2024-04,96.6,,
ESTAT:TEIBS010(1.0),27/02/25 11:00:00,Monthly,Economic sentiment indicator,"Seasonally adjusted data, not calendar adjusted data",Slovakia,2024-05,95.6,,
ESTAT:TEIBS010(1.0),27/02/25 11:00:00,Monthly,Economic sentiment indicator,"Seasonally adjusted data, not calendar adjusted data",Slovakia,2024-06,103.5,,
ESTAT:TEIBS010(1.0),27/02/25 11:00:00,Monthly,Economic sentiment indicator,"Seasonally adjusted data, not calendar adjusted data",Slovakia,2024-07,101.0,,
ESTAT:TEIBS010(1.0),27/02/25 11:00:00,Monthly,Economic sentiment indicator,"Seasonally adjusted data, not calendar adjusted data",Slovakia,2024-08,101.0,,
ESTAT:TEIBS010(1.0),27/02/25 11:00:00,Monthly,Economic sentiment indicator,"Seasonally adjusted data, not calendar adjusted data",Slovakia,2024-09,99.5,,
ESTAT:TEIBS010(1.0),27/02/25 11:00:00,Monthly,Economic sentiment indicator,"Seasonally adjusted data, not calendar adjusted data",Slovakia,2024-10,92.2,,
ESTAT:TEIBS010(1.0),27/02/25 11:00:00,Monthly,Economic sentiment indicator,"Seasonally adjusted data, not calendar adjusted data",Slovakia,2024-11,92.2,,
ESTAT:TEIBS010(1.0),27/02/25 11:00:00,Monthly,Economic sentiment indicator,"Seasonally adjusted data, not calendar adjusted data",Slovakia,2024-12,101.1,,
ESTAT:TEIBS010(1.0),27/02/25 11:00:00,Monthly,Economic sentiment indicator,"Seasonally adjusted data, not calendar adjusted data",Slovakia,2025-01,97.2,,
ESTAT:TEIBS010(1.0),27/02/25 11:00:00,Monthly,Economic sentiment indicator,"Seasonally adjusted data, not calendar adjusted data",Slovakia,2025-02,95.9,,
ESTAT:TEIBS010(1.0),27/02/25 11:00:00,Monthly,Economic sentiment indicator,"Seasonally adjusted data, not calendar adjusted data",Türkiye,2024-03,96.6,,
ESTAT:TEIBS010(1.0),27/02/25 11:00:00,Monthly,Economic sentiment indicator,"Seasonally adjusted data, not calendar adjusted data",Türkiye,2024-04,96.2,,
ESTAT:TEIBS010(1.0),27/02/25 11:00:00,Monthly,Economic sentiment indicator,"Seasonally adjusted data, not calendar adjusted data",Türkiye,2024-05,95.3,,
ESTAT:TEIBS010(1.0),27/02/25 11:00:00,Monthly,Economic sentiment indicator,"Seasonally adjusted data, not calendar adjusted data",Türkiye,2024-06,92.5,,
ESTAT:TEIBS010(1.0),27/02/25 11:00:00,Monthly,Economic sentiment indicator,"Seasonally adjusted data, not calendar adjusted data",Türkiye,2024-07,91.9,,
ESTAT:TEIBS010(1.0),27/02/25 11:00:00,Monthly,Economic sentiment indicator,"Seasonally adjusted data, not calendar adjusted data",Türkiye,2024-08,91.5,,
ESTAT:TEIBS010(1.0),27/02/25 11:00:00,Monthly,Economic sentiment indicator,"Seasonally adjusted data, not calendar adjusted data",Türkiye,2024-09,93.5,,
ESTAT:TEIBS010(1.0),27/02/25 11:00:00,Monthly,Economic sentiment indicator,"Seasonally adjusted data, not calendar adjusted data",Türkiye,2024-10,96.9,,
ESTAT:TEIBS010(1.0),27/02/25 11:00:00,Monthly,Economic sentiment indicator,"Seasonally adjusted data, not calendar adjusted data",Türkiye,2024-11,96.4,,
ESTAT:TEIBS010(1.0),27/02/25 11:00:00,Monthly,Economic sentiment indicator,"Seasonally adjusted data, not calendar adjusted data",Türkiye,2024-12,97.8,,
ESTAT:TEIBS010(1.0),27/02/25 11:00:00,Monthly,Economic sentiment indicator,"Seasonally adjusted data, not calendar adjusted data",Türkiye,2025-01,99.0,,
ESTAT:TEIBS010(1.0),27/02/25 11:00:00,Monthly,Economic sentiment indicator,"Seasonally adjusted data, not calendar adjusted data",Türkiye,2025-02,97.1,,
