DATAFLOW,LAST UPDATE,freq,indic_em,sex,age,unit,geo,TIME_PERIOD,OBS_VALUE,OBS_FLAG,CONF_STATUS
ESTAT:TIPSLM100(1.0),13/03/25 23:00:00,Annual,Total employment (resident population concept - LFS),Total,From 20 to 64 years,Percentage of total population,Austria,2014,74.2,,
ESTAT:TIPSLM100(1.0),13/03/25 23:00:00,Annual,Total employment (resident population concept - LFS),Total,From 20 to 64 years,Percentage of total population,Austria,2015,74.3,,
ESTAT:TIPSLM100(1.0),13/03/25 23:00:00,Annual,Total employment (resident population concept - LFS),Total,From 20 to 64 years,Percentage of total population,Austria,2016,74.8,,
ESTAT:TIPSLM100(1.0),13/03/25 23:00:00,Annual,Total employment (resident population concept - LFS),Total,From 20 to 64 years,Percentage of total population,Austria,2017,75.4,,
ESTAT:TIPSLM100(1.0),13/03/25 23:00:00,Annual,Total employment (resident population concept - LFS),Total,From 20 to 64 years,Percentage of total population,Austria,2018,76.2,,
ESTAT:TIPSLM100(1.0),13/03/25 23:00:00,Annual,Total employment (resident population concept - LFS),Total,From 20 to 64 years,Percentage of total population,Austria,2019,76.8,,
ESTAT:TIPSLM100(1.0),13/03/25 23:00:00,Annual,Total employment (resident population concept - LFS),Total,From 20 to 64 years,Percentage of total population,Austria,2020,74.8,,
ESTAT:TIPSLM100(1.0),13/03/25 23:00:00,Annual,Total employment (resident population concept - LFS),Total,From 20 to 64 years,Percentage of total population,Austria,2021,75.6,,
ESTAT:TIPSLM100(1.0),13/03/25 23:00:00,Annual,Total employment (resident population concept - LFS),Total,From 20 to 64 years,Percentage of total population,Austria,2022,77.3,,
ESTAT:TIPSLM100(1.0),13/03/25 23:00:00,Annual,Total employment (resident population concept - LFS),Total,From 20 to 64 years,Percentage of total population,Austria,2023,77.2,,
ESTAT:TIPSLM100(1.0),13/03/25 23:00:00,Annual,Total employment (resident population concept - LFS),Total,From 20 to 64 years,Percentage of total population,Austria,2024,77.4,,
ESTAT:TIPSLM100(1.0),13/03/25 23:00:00,Annual,Total employment (resident population concept - LFS),Total,From 20 to 64 years,Percentage of total population,Belgium,2014,67.3,,
ESTAT:TIPSLM100(1.0),13/03/25 23:00:00,Annual,Total employment (resident population concept - LFS),Total,From 20 to 64 years,Percentage of total population,Belgium,2015,67.2,,
ESTAT:TIPSLM100(1.0),13/03/25 23:00:00,Annual,Total employment (resident population concept - LFS),Total,From 20 to 64 years,Percentage of total population,Belgium,2016,67.7,,
ESTAT:TIPSLM100(1.0),13/03/25 23:00:00,Annual,Total employment (resident population concept - LFS),Total,From 20 to 64 years,Percentage of total population,Belgium,2017,68.5,b,
ESTAT:TIPSLM100(1.0),13/03/25 23:00:00,Annual,Total employment (resident population concept - LFS),Total,From 20 to 64 years,Percentage of total population,Belgium,2018,69.7,,
ESTAT:TIPSLM100(1.0),13/03/25 23:00:00,Annual,Total employment (resident population concept - LFS),Total,From 20 to 64 years,Percentage of total population,Belgium,2019,70.5,,
ESTAT:TIPSLM100(1.0),13/03/25 23:00:00,Annual,Total employment (resident population concept - LFS),Total,From 20 to 64 years,Percentage of total population,Belgium,2020,69.7,,
ESTAT:TIPSLM100(1.0),13/03/25 23:00:00,Annual,Total employment (resident population concept - LFS),Total,From 20 to 64 years,Percentage of total population,Belgium,2021,70.6,,
ESTAT:TIPSLM100(1.0),13/03/25 23:00:00,Annual,Total employment (resident population concept - LFS),Total,From 20 to 64 years,Percentage of total population,Belgium,2022,71.9,,
ESTAT:TIPSLM100(1.0),13/03/25 23:00:00,Annual,Total employment (resident population concept - LFS),Total,From 20 to 64 years,Percentage of total population,Belgium,2023,72.1,,
ESTAT:TIPSLM100(1.0),13/03/25 23:00:00,Annual,Total employment (resident population concept - LFS),Total,From 20 to 64 years,Percentage of total population,Belgium,2024,72.3,,
ESTAT:TIPSLM100(1.0),13/03/25 23:00:00,Annual,Total employment (resident population concept - LFS),Total,From 20 to 64 years,Percentage of total population,Bulgaria,2014,64.4,,
ESTAT:TIPSLM100(1.0),13/03/25 23:00:00,Annual,Total employment (resident population concept - LFS),Total,From 20 to 64 years,Percentage of total population,Bulgaria,2015,66.5,,
ESTAT:TIPSLM100(1.0),13/03/25 23:00:00,Annual,Total employment (resident population concept - LFS),Total,From 20 to 64 years,Percentage of total population,Bulgaria,2016,67.0,,
ESTAT:TIPSLM100(1.0),13/03/25 23:00:00,Annual,Total employment (resident population concept - LFS),Total,From 20 to 64 years,Percentage of total population,Bulgaria,2017,70.6,,
ESTAT:TIPSLM100(1.0),13/03/25 23:00:00,Annual,Total employment (resident population concept - LFS),Total,From 20 to 64 years,Percentage of total population,Bulgaria,2018,71.7,,
ESTAT:TIPSLM100(1.0),13/03/25 23:00:00,Annual,Total employment (resident population concept - LFS),Total,From 20 to 64 years,Percentage of total population,Bulgaria,2019,74.3,b,
ESTAT:TIPSLM100(1.0),13/03/25 23:00:00,Annual,Total employment (resident population concept - LFS),Total,From 20 to 64 years,Percentage of total population,Bulgaria,2020,72.7,,
ESTAT:TIPSLM100(1.0),13/03/25 23:00:00,Annual,Total employment (resident population concept - LFS),Total,From 20 to 64 years,Percentage of total population,Bulgaria,2021,73.3,,
ESTAT:TIPSLM100(1.0),13/03/25 23:00:00,Annual,Total employment (resident population concept - LFS),Total,From 20 to 64 years,Percentage of total population,Bulgaria,2022,75.9,,
ESTAT:TIPSLM100(1.0),13/03/25 23:00:00,Annual,Total employment (resident population concept - LFS),Total,From 20 to 64 years,Percentage of total population,Bulgaria,2023,76.2,,
ESTAT:TIPSLM100(1.0),13/03/25 23:00:00,Annual,Total employment (resident population concept - LFS),Total,From 20 to 64 years,Percentage of total population,Bulgaria,2024,76.8,,
ESTAT:TIPSLM100(1.0),13/03/25 23:00:00,Annual,Total employment (resident population concept - LFS),Total,From 20 to 64 years,Percentage of total population,Cyprus,2014,67.6,,
ESTAT:TIPSLM100(1.0),13/03/25 23:00:00,Annual,Total employment (resident population concept - LFS),Total,From 20 to 64 years,Percentage of total population,Cyprus,2015,67.9,,
ESTAT:TIPSLM100(1.0),13/03/25 23:00:00,Annual,Total employment (resident population concept - LFS),Total,From 20 to 64 years,Percentage of total population,Cyprus,2016,68.7,,
ESTAT:TIPSLM100(1.0),13/03/25 23:00:00,Annual,Total employment (resident population concept - LFS),Total,From 20 to 64 years,Percentage of total population,Cyprus,2017,70.8,,
ESTAT:TIPSLM100(1.0),13/03/25 23:00:00,Annual,Total employment (resident population concept - LFS),Total,From 20 to 64 years,Percentage of total population,Cyprus,2018,73.9,,
ESTAT:TIPSLM100(1.0),13/03/25 23:00:00,Annual,Total employment (resident population concept - LFS),Total,From 20 to 64 years,Percentage of total population,Cyprus,2019,75.8,,
ESTAT:TIPSLM100(1.0),13/03/25 23:00:00,Annual,Total employment (resident population concept - LFS),Total,From 20 to 64 years,Percentage of total population,Cyprus,2020,75.2,,
ESTAT:TIPSLM100(1.0),13/03/25 23:00:00,Annual,Total employment (resident population concept - LFS),Total,From 20 to 64 years,Percentage of total population,Cyprus,2021,76.3,,
ESTAT:TIPSLM100(1.0),13/03/25 23:00:00,Annual,Total employment (resident population concept - LFS),Total,From 20 to 64 years,Percentage of total population,Cyprus,2022,78.6,,
ESTAT:TIPSLM100(1.0),13/03/25 23:00:00,Annual,Total employment (resident population concept - LFS),Total,From 20 to 64 years,Percentage of total population,Cyprus,2023,79.5,,
ESTAT:TIPSLM100(1.0),13/03/25 23:00:00,Annual,Total employment (resident population concept - LFS),Total,From 20 to 64 years,Percentage of total population,Cyprus,2024,79.8,,
ESTAT:TIPSLM100(1.0),13/03/25 23:00:00,Annual,Total employment (resident population concept - LFS),Total,From 20 to 64 years,Percentage of total population,Czechia,2014,73.5,,
ESTAT:TIPSLM100(1.0),13/03/25 23:00:00,Annual,Total employment (resident population concept - LFS),Total,From 20 to 64 years,Percentage of total population,Czechia,2015,74.8,,
ESTAT:TIPSLM100(1.0),13/03/25 23:00:00,Annual,Total employment (resident population concept - LFS),Total,From 20 to 64 years,Percentage of total population,Czechia,2016,76.7,,
ESTAT:TIPSLM100(1.0),13/03/25 23:00:00,Annual,Total employment (resident population concept - LFS),Total,From 20 to 64 years,Percentage of total population,Czechia,2017,78.5,,
ESTAT:TIPSLM100(1.0),13/03/25 23:00:00,Annual,Total employment (resident population concept - LFS),Total,From 20 to 64 years,Percentage of total population,Czechia,2018,79.9,,
ESTAT:TIPSLM100(1.0),13/03/25 23:00:00,Annual,Total employment (resident population concept - LFS),Total,From 20 to 64 years,Percentage of total population,Czechia,2019,80.3,,
ESTAT:TIPSLM100(1.0),13/03/25 23:00:00,Annual,Total employment (resident population concept - LFS),Total,From 20 to 64 years,Percentage of total population,Czechia,2020,79.7,,
ESTAT:TIPSLM100(1.0),13/03/25 23:00:00,Annual,Total employment (resident population concept - LFS),Total,From 20 to 64 years,Percentage of total population,Czechia,2021,80.0,,
ESTAT:TIPSLM100(1.0),13/03/25 23:00:00,Annual,Total employment (resident population concept - LFS),Total,From 20 to 64 years,Percentage of total population,Czechia,2022,81.3,,
ESTAT:TIPSLM100(1.0),13/03/25 23:00:00,Annual,Total employment (resident population concept - LFS),Total,From 20 to 64 years,Percentage of total population,Czechia,2023,81.7,,
ESTAT:TIPSLM100(1.0),13/03/25 23:00:00,Annual,Total employment (resident population concept - LFS),Total,From 20 to 64 years,Percentage of total population,Czechia,2024,82.3,,
ESTAT:TIPSLM100(1.0),13/03/25 23:00:00,Annual,Total employment (resident population concept - LFS),Total,From 20 to 64 years,Percentage of total population,Germany,2014,76.7,,
ESTAT:TIPSLM100(1.0),13/03/25 23:00:00,Annual,Total employment (resident population concept - LFS),Total,From 20 to 64 years,Percentage of total population,Germany,2015,76.9,,
ESTAT:TIPSLM100(1.0),13/03/25 23:00:00,Annual,Total employment (resident population concept - LFS),Total,From 20 to 64 years,Percentage of total population,Germany,2016,77.6,,
ESTAT:TIPSLM100(1.0),13/03/25 23:00:00,Annual,Total employment (resident population concept - LFS),Total,From 20 to 64 years,Percentage of total population,Germany,2017,78.2,,
ESTAT:TIPSLM100(1.0),13/03/25 23:00:00,Annual,Total employment (resident population concept - LFS),Total,From 20 to 64 years,Percentage of total population,Germany,2018,78.9,,
ESTAT:TIPSLM100(1.0),13/03/25 23:00:00,Annual,Total employment (resident population concept - LFS),Total,From 20 to 64 years,Percentage of total population,Germany,2019,79.6,,
ESTAT:TIPSLM100(1.0),13/03/25 23:00:00,Annual,Total employment (resident population concept - LFS),Total,From 20 to 64 years,Percentage of total population,Germany,2020,78.2,b,
ESTAT:TIPSLM100(1.0),13/03/25 23:00:00,Annual,Total employment (resident population concept - LFS),Total,From 20 to 64 years,Percentage of total population,Germany,2021,79.4,,
ESTAT:TIPSLM100(1.0),13/03/25 23:00:00,Annual,Total employment (resident population concept - LFS),Total,From 20 to 64 years,Percentage of total population,Germany,2022,80.6,,
ESTAT:TIPSLM100(1.0),13/03/25 23:00:00,Annual,Total employment (resident population concept - LFS),Total,From 20 to 64 years,Percentage of total population,Germany,2023,81.1,,
ESTAT:TIPSLM100(1.0),13/03/25 23:00:00,Annual,Total employment (resident population concept - LFS),Total,From 20 to 64 years,Percentage of total population,Germany,2024,81.3,,
ESTAT:TIPSLM100(1.0),13/03/25 23:00:00,Annual,Total employment (resident population concept - LFS),Total,From 20 to 64 years,Percentage of total population,Denmark,2014,74.7,,
ESTAT:TIPSLM100(1.0),13/03/25 23:00:00,Annual,Total employment (resident population concept - LFS),Total,From 20 to 64 years,Percentage of total population,Denmark,2015,75.4,,
ESTAT:TIPSLM100(1.0),13/03/25 23:00:00,Annual,Total employment (resident population concept - LFS),Total,From 20 to 64 years,Percentage of total population,Denmark,2016,76.0,b,
ESTAT:TIPSLM100(1.0),13/03/25 23:00:00,Annual,Total employment (resident population concept - LFS),Total,From 20 to 64 years,Percentage of total population,Denmark,2017,76.6,b,
ESTAT:TIPSLM100(1.0),13/03/25 23:00:00,Annual,Total employment (resident population concept - LFS),Total,From 20 to 64 years,Percentage of total population,Denmark,2018,77.5,,
ESTAT:TIPSLM100(1.0),13/03/25 23:00:00,Annual,Total employment (resident population concept - LFS),Total,From 20 to 64 years,Percentage of total population,Denmark,2019,78.3,,
ESTAT:TIPSLM100(1.0),13/03/25 23:00:00,Annual,Total employment (resident population concept - LFS),Total,From 20 to 64 years,Percentage of total population,Denmark,2020,77.8,,
ESTAT:TIPSLM100(1.0),13/03/25 23:00:00,Annual,Total employment (resident population concept - LFS),Total,From 20 to 64 years,Percentage of total population,Denmark,2021,79.0,,
ESTAT:TIPSLM100(1.0),13/03/25 23:00:00,Annual,Total employment (resident population concept - LFS),Total,From 20 to 64 years,Percentage of total population,Denmark,2022,80.1,,
ESTAT:TIPSLM100(1.0),13/03/25 23:00:00,Annual,Total employment (resident population concept - LFS),Total,From 20 to 64 years,Percentage of total population,Denmark,2023,79.8,b,
ESTAT:TIPSLM100(1.0),13/03/25 23:00:00,Annual,Total employment (resident population concept - LFS),Total,From 20 to 64 years,Percentage of total population,Denmark,2024,80.2,,
ESTAT:TIPSLM100(1.0),13/03/25 23:00:00,Annual,Total employment (resident population concept - LFS),Total,From 20 to 64 years,Percentage of total population,Estonia,2014,75.0,,
ESTAT:TIPSLM100(1.0),13/03/25 23:00:00,Annual,Total employment (resident population concept - LFS),Total,From 20 to 64 years,Percentage of total population,Estonia,2015,76.7,,
ESTAT:TIPSLM100(1.0),13/03/25 23:00:00,Annual,Total employment (resident population concept - LFS),Total,From 20 to 64 years,Percentage of total population,Estonia,2016,77.0,,
ESTAT:TIPSLM100(1.0),13/03/25 23:00:00,Annual,Total employment (resident population concept - LFS),Total,From 20 to 64 years,Percentage of total population,Estonia,2017,79.2,,
ESTAT:TIPSLM100(1.0),13/03/25 23:00:00,Annual,Total employment (resident population concept - LFS),Total,From 20 to 64 years,Percentage of total population,Estonia,2018,79.7,,
ESTAT:TIPSLM100(1.0),13/03/25 23:00:00,Annual,Total employment (resident population concept - LFS),Total,From 20 to 64 years,Percentage of total population,Estonia,2019,80.5,,
ESTAT:TIPSLM100(1.0),13/03/25 23:00:00,Annual,Total employment (resident population concept - LFS),Total,From 20 to 64 years,Percentage of total population,Estonia,2020,79.1,,
ESTAT:TIPSLM100(1.0),13/03/25 23:00:00,Annual,Total employment (resident population concept - LFS),Total,From 20 to 64 years,Percentage of total population,Estonia,2021,79.3,,
ESTAT:TIPSLM100(1.0),13/03/25 23:00:00,Annual,Total employment (resident population concept - LFS),Total,From 20 to 64 years,Percentage of total population,Estonia,2022,81.9,,
ESTAT:TIPSLM100(1.0),13/03/25 23:00:00,Annual,Total employment (resident population concept - LFS),Total,From 20 to 64 years,Percentage of total population,Estonia,2023,82.1,,
ESTAT:TIPSLM100(1.0),13/03/25 23:00:00,Annual,Total employment (resident population concept - LFS),Total,From 20 to 64 years,Percentage of total population,Estonia,2024,81.8,,
ESTAT:TIPSLM100(1.0),13/03/25 23:00:00,Annual,Total employment (resident population concept - LFS),Total,From 20 to 64 years,Percentage of total population,Greece,2014,53.1,,
ESTAT:TIPSLM100(1.0),13/03/25 23:00:00,Annual,Total employment (resident population concept - LFS),Total,From 20 to 64 years,Percentage of total population,Greece,2015,54.8,,
ESTAT:TIPSLM100(1.0),13/03/25 23:00:00,Annual,Total employment (resident population concept - LFS),Total,From 20 to 64 years,Percentage of total population,Greece,2016,55.9,,
ESTAT:TIPSLM100(1.0),13/03/25 23:00:00,Annual,Total employment (resident population concept - LFS),Total,From 20 to 64 years,Percentage of total population,Greece,2017,57.4,,
ESTAT:TIPSLM100(1.0),13/03/25 23:00:00,Annual,Total employment (resident population concept - LFS),Total,From 20 to 64 years,Percentage of total population,Greece,2018,59.0,,
ESTAT:TIPSLM100(1.0),13/03/25 23:00:00,Annual,Total employment (resident population concept - LFS),Total,From 20 to 64 years,Percentage of total population,Greece,2019,60.8,,
ESTAT:TIPSLM100(1.0),13/03/25 23:00:00,Annual,Total employment (resident population concept - LFS),Total,From 20 to 64 years,Percentage of total population,Greece,2020,58.3,,
ESTAT:TIPSLM100(1.0),13/03/25 23:00:00,Annual,Total employment (resident population concept - LFS),Total,From 20 to 64 years,Percentage of total population,Greece,2021,62.6,,
ESTAT:TIPSLM100(1.0),13/03/25 23:00:00,Annual,Total employment (resident population concept - LFS),Total,From 20 to 64 years,Percentage of total population,Greece,2022,66.3,,
ESTAT:TIPSLM100(1.0),13/03/25 23:00:00,Annual,Total employment (resident population concept - LFS),Total,From 20 to 64 years,Percentage of total population,Greece,2023,67.4,,
ESTAT:TIPSLM100(1.0),13/03/25 23:00:00,Annual,Total employment (resident population concept - LFS),Total,From 20 to 64 years,Percentage of total population,Greece,2024,69.3,,
ESTAT:TIPSLM100(1.0),13/03/25 23:00:00,Annual,Total employment (resident population concept - LFS),Total,From 20 to 64 years,Percentage of total population,Spain,2014,59.9,,
ESTAT:TIPSLM100(1.0),13/03/25 23:00:00,Annual,Total employment (resident population concept - LFS),Total,From 20 to 64 years,Percentage of total population,Spain,2015,62.0,,
ESTAT:TIPSLM100(1.0),13/03/25 23:00:00,Annual,Total employment (resident population concept - LFS),Total,From 20 to 64 years,Percentage of total population,Spain,2016,63.9,,
ESTAT:TIPSLM100(1.0),13/03/25 23:00:00,Annual,Total employment (resident population concept - LFS),Total,From 20 to 64 years,Percentage of total population,Spain,2017,65.5,,
ESTAT:TIPSLM100(1.0),13/03/25 23:00:00,Annual,Total employment (resident population concept - LFS),Total,From 20 to 64 years,Percentage of total population,Spain,2018,67.0,,
ESTAT:TIPSLM100(1.0),13/03/25 23:00:00,Annual,Total employment (resident population concept - LFS),Total,From 20 to 64 years,Percentage of total population,Spain,2019,68.0,,
ESTAT:TIPSLM100(1.0),13/03/25 23:00:00,Annual,Total employment (resident population concept - LFS),Total,From 20 to 64 years,Percentage of total population,Spain,2020,65.7,,
ESTAT:TIPSLM100(1.0),13/03/25 23:00:00,Annual,Total employment (resident population concept - LFS),Total,From 20 to 64 years,Percentage of total population,Spain,2021,67.5,d,
ESTAT:TIPSLM100(1.0),13/03/25 23:00:00,Annual,Total employment (resident population concept - LFS),Total,From 20 to 64 years,Percentage of total population,Spain,2022,69.3,d,
ESTAT:TIPSLM100(1.0),13/03/25 23:00:00,Annual,Total employment (resident population concept - LFS),Total,From 20 to 64 years,Percentage of total population,Spain,2023,70.5,d,
ESTAT:TIPSLM100(1.0),13/03/25 23:00:00,Annual,Total employment (resident population concept - LFS),Total,From 20 to 64 years,Percentage of total population,Spain,2024,71.4,d,
ESTAT:TIPSLM100(1.0),13/03/25 23:00:00,Annual,Total employment (resident population concept - LFS),Total,From 20 to 64 years,Percentage of total population,Finland,2014,72.2,,
ESTAT:TIPSLM100(1.0),13/03/25 23:00:00,Annual,Total employment (resident population concept - LFS),Total,From 20 to 64 years,Percentage of total population,Finland,2015,71.8,,
ESTAT:TIPSLM100(1.0),13/03/25 23:00:00,Annual,Total employment (resident population concept - LFS),Total,From 20 to 64 years,Percentage of total population,Finland,2016,72.4,,
ESTAT:TIPSLM100(1.0),13/03/25 23:00:00,Annual,Total employment (resident population concept - LFS),Total,From 20 to 64 years,Percentage of total population,Finland,2017,73.2,,
ESTAT:TIPSLM100(1.0),13/03/25 23:00:00,Annual,Total employment (resident population concept - LFS),Total,From 20 to 64 years,Percentage of total population,Finland,2018,75.3,,
ESTAT:TIPSLM100(1.0),13/03/25 23:00:00,Annual,Total employment (resident population concept - LFS),Total,From 20 to 64 years,Percentage of total population,Finland,2019,76.2,,
ESTAT:TIPSLM100(1.0),13/03/25 23:00:00,Annual,Total employment (resident population concept - LFS),Total,From 20 to 64 years,Percentage of total population,Finland,2020,75.5,,
ESTAT:TIPSLM100(1.0),13/03/25 23:00:00,Annual,Total employment (resident population concept - LFS),Total,From 20 to 64 years,Percentage of total population,Finland,2021,76.8,,
ESTAT:TIPSLM100(1.0),13/03/25 23:00:00,Annual,Total employment (resident population concept - LFS),Total,From 20 to 64 years,Percentage of total population,Finland,2022,78.4,,
ESTAT:TIPSLM100(1.0),13/03/25 23:00:00,Annual,Total employment (resident population concept - LFS),Total,From 20 to 64 years,Percentage of total population,Finland,2023,78.2,,
ESTAT:TIPSLM100(1.0),13/03/25 23:00:00,Annual,Total employment (resident population concept - LFS),Total,From 20 to 64 years,Percentage of total population,Finland,2024,77.0,,
ESTAT:TIPSLM100(1.0),13/03/25 23:00:00,Annual,Total employment (resident population concept - LFS),Total,From 20 to 64 years,Percentage of total population,France,2014,70.0,,
ESTAT:TIPSLM100(1.0),13/03/25 23:00:00,Annual,Total employment (resident population concept - LFS),Total,From 20 to 64 years,Percentage of total population,France,2015,70.3,,
ESTAT:TIPSLM100(1.0),13/03/25 23:00:00,Annual,Total employment (resident population concept - LFS),Total,From 20 to 64 years,Percentage of total population,France,2016,70.7,,
ESTAT:TIPSLM100(1.0),13/03/25 23:00:00,Annual,Total employment (resident population concept - LFS),Total,From 20 to 64 years,Percentage of total population,France,2017,71.3,,
ESTAT:TIPSLM100(1.0),13/03/25 23:00:00,Annual,Total employment (resident population concept - LFS),Total,From 20 to 64 years,Percentage of total population,France,2018,72.0,,
ESTAT:TIPSLM100(1.0),13/03/25 23:00:00,Annual,Total employment (resident population concept - LFS),Total,From 20 to 64 years,Percentage of total population,France,2019,72.3,,
ESTAT:TIPSLM100(1.0),13/03/25 23:00:00,Annual,Total employment (resident population concept - LFS),Total,From 20 to 64 years,Percentage of total population,France,2020,72.1,,
ESTAT:TIPSLM100(1.0),13/03/25 23:00:00,Annual,Total employment (resident population concept - LFS),Total,From 20 to 64 years,Percentage of total population,France,2021,73.2,d,
ESTAT:TIPSLM100(1.0),13/03/25 23:00:00,Annual,Total employment (resident population concept - LFS),Total,From 20 to 64 years,Percentage of total population,France,2022,74.0,d,
ESTAT:TIPSLM100(1.0),13/03/25 23:00:00,Annual,Total employment (resident population concept - LFS),Total,From 20 to 64 years,Percentage of total population,France,2023,74.4,d,
ESTAT:TIPSLM100(1.0),13/03/25 23:00:00,Annual,Total employment (resident population concept - LFS),Total,From 20 to 64 years,Percentage of total population,France,2024,75.1,d,
ESTAT:TIPSLM100(1.0),13/03/25 23:00:00,Annual,Total employment (resident population concept - LFS),Total,From 20 to 64 years,Percentage of total population,Croatia,2014,59.1,,
ESTAT:TIPSLM100(1.0),13/03/25 23:00:00,Annual,Total employment (resident population concept - LFS),Total,From 20 to 64 years,Percentage of total population,Croatia,2015,60.5,,
ESTAT:TIPSLM100(1.0),13/03/25 23:00:00,Annual,Total employment (resident population concept - LFS),Total,From 20 to 64 years,Percentage of total population,Croatia,2016,61.3,,
ESTAT:TIPSLM100(1.0),13/03/25 23:00:00,Annual,Total employment (resident population concept - LFS),Total,From 20 to 64 years,Percentage of total population,Croatia,2017,63.2,,
ESTAT:TIPSLM100(1.0),13/03/25 23:00:00,Annual,Total employment (resident population concept - LFS),Total,From 20 to 64 years,Percentage of total population,Croatia,2018,64.9,,
ESTAT:TIPSLM100(1.0),13/03/25 23:00:00,Annual,Total employment (resident population concept - LFS),Total,From 20 to 64 years,Percentage of total population,Croatia,2019,66.4,,
ESTAT:TIPSLM100(1.0),13/03/25 23:00:00,Annual,Total employment (resident population concept - LFS),Total,From 20 to 64 years,Percentage of total population,Croatia,2020,66.9,,
ESTAT:TIPSLM100(1.0),13/03/25 23:00:00,Annual,Total employment (resident population concept - LFS),Total,From 20 to 64 years,Percentage of total population,Croatia,2021,68.6,,
ESTAT:TIPSLM100(1.0),13/03/25 23:00:00,Annual,Total employment (resident population concept - LFS),Total,From 20 to 64 years,Percentage of total population,Croatia,2022,70.2,,
ESTAT:TIPSLM100(1.0),13/03/25 23:00:00,Annual,Total employment (resident population concept - LFS),Total,From 20 to 64 years,Percentage of total population,Croatia,2023,70.8,,
ESTAT:TIPSLM100(1.0),13/03/25 23:00:00,Annual,Total employment (resident population concept - LFS),Total,From 20 to 64 years,Percentage of total population,Croatia,2024,73.6,,
ESTAT:TIPSLM100(1.0),13/03/25 23:00:00,Annual,Total employment (resident population concept - LFS),Total,From 20 to 64 years,Percentage of total population,Hungary,2014,68.7,,
ESTAT:TIPSLM100(1.0),13/03/25 23:00:00,Annual,Total employment (resident population concept - LFS),Total,From 20 to 64 years,Percentage of total population,Hungary,2015,70.9,,
ESTAT:TIPSLM100(1.0),13/03/25 23:00:00,Annual,Total employment (resident population concept - LFS),Total,From 20 to 64 years,Percentage of total population,Hungary,2016,73.7,,
ESTAT:TIPSLM100(1.0),13/03/25 23:00:00,Annual,Total employment (resident population concept - LFS),Total,From 20 to 64 years,Percentage of total population,Hungary,2017,75.4,,
ESTAT:TIPSLM100(1.0),13/03/25 23:00:00,Annual,Total employment (resident population concept - LFS),Total,From 20 to 64 years,Percentage of total population,Hungary,2018,76.8,b,
ESTAT:TIPSLM100(1.0),13/03/25 23:00:00,Annual,Total employment (resident population concept - LFS),Total,From 20 to 64 years,Percentage of total population,Hungary,2019,77.7,,
ESTAT:TIPSLM100(1.0),13/03/25 23:00:00,Annual,Total employment (resident population concept - LFS),Total,From 20 to 64 years,Percentage of total population,Hungary,2020,77.6,,
ESTAT:TIPSLM100(1.0),13/03/25 23:00:00,Annual,Total employment (resident population concept - LFS),Total,From 20 to 64 years,Percentage of total population,Hungary,2021,78.9,,
ESTAT:TIPSLM100(1.0),13/03/25 23:00:00,Annual,Total employment (resident population concept - LFS),Total,From 20 to 64 years,Percentage of total population,Hungary,2022,80.3,,
ESTAT:TIPSLM100(1.0),13/03/25 23:00:00,Annual,Total employment (resident population concept - LFS),Total,From 20 to 64 years,Percentage of total population,Hungary,2023,80.7,,
ESTAT:TIPSLM100(1.0),13/03/25 23:00:00,Annual,Total employment (resident population concept - LFS),Total,From 20 to 64 years,Percentage of total population,Hungary,2024,81.1,,
ESTAT:TIPSLM100(1.0),13/03/25 23:00:00,Annual,Total employment (resident population concept - LFS),Total,From 20 to 64 years,Percentage of total population,Ireland,2014,68.1,,
ESTAT:TIPSLM100(1.0),13/03/25 23:00:00,Annual,Total employment (resident population concept - LFS),Total,From 20 to 64 years,Percentage of total population,Ireland,2015,69.8,,
ESTAT:TIPSLM100(1.0),13/03/25 23:00:00,Annual,Total employment (resident population concept - LFS),Total,From 20 to 64 years,Percentage of total population,Ireland,2016,71.3,,
ESTAT:TIPSLM100(1.0),13/03/25 23:00:00,Annual,Total employment (resident population concept - LFS),Total,From 20 to 64 years,Percentage of total population,Ireland,2017,72.9,,
ESTAT:TIPSLM100(1.0),13/03/25 23:00:00,Annual,Total employment (resident population concept - LFS),Total,From 20 to 64 years,Percentage of total population,Ireland,2018,74.0,,
ESTAT:TIPSLM100(1.0),13/03/25 23:00:00,Annual,Total employment (resident population concept - LFS),Total,From 20 to 64 years,Percentage of total population,Ireland,2019,75.0,,
ESTAT:TIPSLM100(1.0),13/03/25 23:00:00,Annual,Total employment (resident population concept - LFS),Total,From 20 to 64 years,Percentage of total population,Ireland,2020,72.1,,
ESTAT:TIPSLM100(1.0),13/03/25 23:00:00,Annual,Total employment (resident population concept - LFS),Total,From 20 to 64 years,Percentage of total population,Ireland,2021,74.9,b,
ESTAT:TIPSLM100(1.0),13/03/25 23:00:00,Annual,Total employment (resident population concept - LFS),Total,From 20 to 64 years,Percentage of total population,Ireland,2022,78.2,,
ESTAT:TIPSLM100(1.0),13/03/25 23:00:00,Annual,Total employment (resident population concept - LFS),Total,From 20 to 64 years,Percentage of total population,Ireland,2023,79.1,,
ESTAT:TIPSLM100(1.0),13/03/25 23:00:00,Annual,Total employment (resident population concept - LFS),Total,From 20 to 64 years,Percentage of total population,Ireland,2024,79.8,,
ESTAT:TIPSLM100(1.0),13/03/25 23:00:00,Annual,Total employment (resident population concept - LFS),Total,From 20 to 64 years,Percentage of total population,Italy,2014,59.5,,
ESTAT:TIPSLM100(1.0),13/03/25 23:00:00,Annual,Total employment (resident population concept - LFS),Total,From 20 to 64 years,Percentage of total population,Italy,2015,60.2,,
ESTAT:TIPSLM100(1.0),13/03/25 23:00:00,Annual,Total employment (resident population concept - LFS),Total,From 20 to 64 years,Percentage of total population,Italy,2016,61.4,,
ESTAT:TIPSLM100(1.0),13/03/25 23:00:00,Annual,Total employment (resident population concept - LFS),Total,From 20 to 64 years,Percentage of total population,Italy,2017,62.3,,
ESTAT:TIPSLM100(1.0),13/03/25 23:00:00,Annual,Total employment (resident population concept - LFS),Total,From 20 to 64 years,Percentage of total population,Italy,2018,63.0,b,
ESTAT:TIPSLM100(1.0),13/03/25 23:00:00,Annual,Total employment (resident population concept - LFS),Total,From 20 to 64 years,Percentage of total population,Italy,2019,63.5,,
ESTAT:TIPSLM100(1.0),13/03/25 23:00:00,Annual,Total employment (resident population concept - LFS),Total,From 20 to 64 years,Percentage of total population,Italy,2020,61.9,,
ESTAT:TIPSLM100(1.0),13/03/25 23:00:00,Annual,Total employment (resident population concept - LFS),Total,From 20 to 64 years,Percentage of total population,Italy,2021,62.7,,
ESTAT:TIPSLM100(1.0),13/03/25 23:00:00,Annual,Total employment (resident population concept - LFS),Total,From 20 to 64 years,Percentage of total population,Italy,2022,64.8,,
ESTAT:TIPSLM100(1.0),13/03/25 23:00:00,Annual,Total employment (resident population concept - LFS),Total,From 20 to 64 years,Percentage of total population,Italy,2023,66.3,,
ESTAT:TIPSLM100(1.0),13/03/25 23:00:00,Annual,Total employment (resident population concept - LFS),Total,From 20 to 64 years,Percentage of total population,Italy,2024,67.1,,
ESTAT:TIPSLM100(1.0),13/03/25 23:00:00,Annual,Total employment (resident population concept - LFS),Total,From 20 to 64 years,Percentage of total population,Lithuania,2014,71.8,,
ESTAT:TIPSLM100(1.0),13/03/25 23:00:00,Annual,Total employment (resident population concept - LFS),Total,From 20 to 64 years,Percentage of total population,Lithuania,2015,73.3,,
ESTAT:TIPSLM100(1.0),13/03/25 23:00:00,Annual,Total employment (resident population concept - LFS),Total,From 20 to 64 years,Percentage of total population,Lithuania,2016,75.2,,
ESTAT:TIPSLM100(1.0),13/03/25 23:00:00,Annual,Total employment (resident population concept - LFS),Total,From 20 to 64 years,Percentage of total population,Lithuania,2017,76.0,,
ESTAT:TIPSLM100(1.0),13/03/25 23:00:00,Annual,Total employment (resident population concept - LFS),Total,From 20 to 64 years,Percentage of total population,Lithuania,2018,77.8,,
ESTAT:TIPSLM100(1.0),13/03/25 23:00:00,Annual,Total employment (resident population concept - LFS),Total,From 20 to 64 years,Percentage of total population,Lithuania,2019,78.2,,
ESTAT:TIPSLM100(1.0),13/03/25 23:00:00,Annual,Total employment (resident population concept - LFS),Total,From 20 to 64 years,Percentage of total population,Lithuania,2020,76.7,,
ESTAT:TIPSLM100(1.0),13/03/25 23:00:00,Annual,Total employment (resident population concept - LFS),Total,From 20 to 64 years,Percentage of total population,Lithuania,2021,77.4,,
ESTAT:TIPSLM100(1.0),13/03/25 23:00:00,Annual,Total employment (resident population concept - LFS),Total,From 20 to 64 years,Percentage of total population,Lithuania,2022,79.0,,
ESTAT:TIPSLM100(1.0),13/03/25 23:00:00,Annual,Total employment (resident population concept - LFS),Total,From 20 to 64 years,Percentage of total population,Lithuania,2023,78.5,,
ESTAT:TIPSLM100(1.0),13/03/25 23:00:00,Annual,Total employment (resident population concept - LFS),Total,From 20 to 64 years,Percentage of total population,Lithuania,2024,79.2,,
ESTAT:TIPSLM100(1.0),13/03/25 23:00:00,Annual,Total employment (resident population concept - LFS),Total,From 20 to 64 years,Percentage of total population,Luxembourg,2014,72.1,,
ESTAT:TIPSLM100(1.0),13/03/25 23:00:00,Annual,Total employment (resident population concept - LFS),Total,From 20 to 64 years,Percentage of total population,Luxembourg,2015,70.9,b,
ESTAT:TIPSLM100(1.0),13/03/25 23:00:00,Annual,Total employment (resident population concept - LFS),Total,From 20 to 64 years,Percentage of total population,Luxembourg,2016,70.7,,
ESTAT:TIPSLM100(1.0),13/03/25 23:00:00,Annual,Total employment (resident population concept - LFS),Total,From 20 to 64 years,Percentage of total population,Luxembourg,2017,71.5,,
ESTAT:TIPSLM100(1.0),13/03/25 23:00:00,Annual,Total employment (resident population concept - LFS),Total,From 20 to 64 years,Percentage of total population,Luxembourg,2018,72.1,,
ESTAT:TIPSLM100(1.0),13/03/25 23:00:00,Annual,Total employment (resident population concept - LFS),Total,From 20 to 64 years,Percentage of total population,Luxembourg,2019,72.8,,
ESTAT:TIPSLM100(1.0),13/03/25 23:00:00,Annual,Total employment (resident population concept - LFS),Total,From 20 to 64 years,Percentage of total population,Luxembourg,2020,72.1,,
ESTAT:TIPSLM100(1.0),13/03/25 23:00:00,Annual,Total employment (resident population concept - LFS),Total,From 20 to 64 years,Percentage of total population,Luxembourg,2021,74.1,,
ESTAT:TIPSLM100(1.0),13/03/25 23:00:00,Annual,Total employment (resident population concept - LFS),Total,From 20 to 64 years,Percentage of total population,Luxembourg,2022,74.8,,
ESTAT:TIPSLM100(1.0),13/03/25 23:00:00,Annual,Total employment (resident population concept - LFS),Total,From 20 to 64 years,Percentage of total population,Luxembourg,2023,74.8,,
ESTAT:TIPSLM100(1.0),13/03/25 23:00:00,Annual,Total employment (resident population concept - LFS),Total,From 20 to 64 years,Percentage of total population,Luxembourg,2024,74.2,,
ESTAT:TIPSLM100(1.0),13/03/25 23:00:00,Annual,Total employment (resident population concept - LFS),Total,From 20 to 64 years,Percentage of total population,Latvia,2014,70.6,,
ESTAT:TIPSLM100(1.0),13/03/25 23:00:00,Annual,Total employment (resident population concept - LFS),Total,From 20 to 64 years,Percentage of total population,Latvia,2015,72.5,,
ESTAT:TIPSLM100(1.0),13/03/25 23:00:00,Annual,Total employment (resident population concept - LFS),Total,From 20 to 64 years,Percentage of total population,Latvia,2016,73.0,,
ESTAT:TIPSLM100(1.0),13/03/25 23:00:00,Annual,Total employment (resident population concept - LFS),Total,From 20 to 64 years,Percentage of total population,Latvia,2017,74.6,,
ESTAT:TIPSLM100(1.0),13/03/25 23:00:00,Annual,Total employment (resident population concept - LFS),Total,From 20 to 64 years,Percentage of total population,Latvia,2018,76.8,,
ESTAT:TIPSLM100(1.0),13/03/25 23:00:00,Annual,Total employment (resident population concept - LFS),Total,From 20 to 64 years,Percentage of total population,Latvia,2019,77.3,,
ESTAT:TIPSLM100(1.0),13/03/25 23:00:00,Annual,Total employment (resident population concept - LFS),Total,From 20 to 64 years,Percentage of total population,Latvia,2020,76.9,,
ESTAT:TIPSLM100(1.0),13/03/25 23:00:00,Annual,Total employment (resident population concept - LFS),Total,From 20 to 64 years,Percentage of total population,Latvia,2021,75.3,,
ESTAT:TIPSLM100(1.0),13/03/25 23:00:00,Annual,Total employment (resident population concept - LFS),Total,From 20 to 64 years,Percentage of total population,Latvia,2022,77.0,,
ESTAT:TIPSLM100(1.0),13/03/25 23:00:00,Annual,Total employment (resident population concept - LFS),Total,From 20 to 64 years,Percentage of total population,Latvia,2023,77.5,,
ESTAT:TIPSLM100(1.0),13/03/25 23:00:00,Annual,Total employment (resident population concept - LFS),Total,From 20 to 64 years,Percentage of total population,Latvia,2024,77.4,,
ESTAT:TIPSLM100(1.0),13/03/25 23:00:00,Annual,Total employment (resident population concept - LFS),Total,From 20 to 64 years,Percentage of total population,Malta,2014,67.9,,
ESTAT:TIPSLM100(1.0),13/03/25 23:00:00,Annual,Total employment (resident population concept - LFS),Total,From 20 to 64 years,Percentage of total population,Malta,2015,69.0,,
ESTAT:TIPSLM100(1.0),13/03/25 23:00:00,Annual,Total employment (resident population concept - LFS),Total,From 20 to 64 years,Percentage of total population,Malta,2016,71.1,,
ESTAT:TIPSLM100(1.0),13/03/25 23:00:00,Annual,Total employment (resident population concept - LFS),Total,From 20 to 64 years,Percentage of total population,Malta,2017,73.0,,
ESTAT:TIPSLM100(1.0),13/03/25 23:00:00,Annual,Total employment (resident population concept - LFS),Total,From 20 to 64 years,Percentage of total population,Malta,2018,74.9,,
ESTAT:TIPSLM100(1.0),13/03/25 23:00:00,Annual,Total employment (resident population concept - LFS),Total,From 20 to 64 years,Percentage of total population,Malta,2019,75.6,,
ESTAT:TIPSLM100(1.0),13/03/25 23:00:00,Annual,Total employment (resident population concept - LFS),Total,From 20 to 64 years,Percentage of total population,Malta,2020,76.0,,
ESTAT:TIPSLM100(1.0),13/03/25 23:00:00,Annual,Total employment (resident population concept - LFS),Total,From 20 to 64 years,Percentage of total population,Malta,2021,77.8,,
ESTAT:TIPSLM100(1.0),13/03/25 23:00:00,Annual,Total employment (resident population concept - LFS),Total,From 20 to 64 years,Percentage of total population,Malta,2022,80.1,,
ESTAT:TIPSLM100(1.0),13/03/25 23:00:00,Annual,Total employment (resident population concept - LFS),Total,From 20 to 64 years,Percentage of total population,Malta,2023,81.3,,
ESTAT:TIPSLM100(1.0),13/03/25 23:00:00,Annual,Total employment (resident population concept - LFS),Total,From 20 to 64 years,Percentage of total population,Malta,2024,83.0,,
ESTAT:TIPSLM100(1.0),13/03/25 23:00:00,Annual,Total employment (resident population concept - LFS),Total,From 20 to 64 years,Percentage of total population,Netherlands,2014,76.3,,
ESTAT:TIPSLM100(1.0),13/03/25 23:00:00,Annual,Total employment (resident population concept - LFS),Total,From 20 to 64 years,Percentage of total population,Netherlands,2015,77.2,,
ESTAT:TIPSLM100(1.0),13/03/25 23:00:00,Annual,Total employment (resident population concept - LFS),Total,From 20 to 64 years,Percentage of total population,Netherlands,2016,77.9,,
ESTAT:TIPSLM100(1.0),13/03/25 23:00:00,Annual,Total employment (resident population concept - LFS),Total,From 20 to 64 years,Percentage of total population,Netherlands,2017,78.9,,
ESTAT:TIPSLM100(1.0),13/03/25 23:00:00,Annual,Total employment (resident population concept - LFS),Total,From 20 to 64 years,Percentage of total population,Netherlands,2018,80.0,,
ESTAT:TIPSLM100(1.0),13/03/25 23:00:00,Annual,Total employment (resident population concept - LFS),Total,From 20 to 64 years,Percentage of total population,Netherlands,2019,81.0,,
ESTAT:TIPSLM100(1.0),13/03/25 23:00:00,Annual,Total employment (resident population concept - LFS),Total,From 20 to 64 years,Percentage of total population,Netherlands,2020,80.8,,
ESTAT:TIPSLM100(1.0),13/03/25 23:00:00,Annual,Total employment (resident population concept - LFS),Total,From 20 to 64 years,Percentage of total population,Netherlands,2021,81.7,,
ESTAT:TIPSLM100(1.0),13/03/25 23:00:00,Annual,Total employment (resident population concept - LFS),Total,From 20 to 64 years,Percentage of total population,Netherlands,2022,82.9,,
ESTAT:TIPSLM100(1.0),13/03/25 23:00:00,Annual,Total employment (resident population concept - LFS),Total,From 20 to 64 years,Percentage of total population,Netherlands,2023,83.5,,
ESTAT:TIPSLM100(1.0),13/03/25 23:00:00,Annual,Total employment (resident population concept - LFS),Total,From 20 to 64 years,Percentage of total population,Netherlands,2024,83.5,,
ESTAT:TIPSLM100(1.0),13/03/25 23:00:00,Annual,Total employment (resident population concept - LFS),Total,From 20 to 64 years,Percentage of total population,Poland,2014,64.9,,
ESTAT:TIPSLM100(1.0),13/03/25 23:00:00,Annual,Total employment (resident population concept - LFS),Total,From 20 to 64 years,Percentage of total population,Poland,2015,66.3,,
ESTAT:TIPSLM100(1.0),13/03/25 23:00:00,Annual,Total employment (resident population concept - LFS),Total,From 20 to 64 years,Percentage of total population,Poland,2016,68.2,,
ESTAT:TIPSLM100(1.0),13/03/25 23:00:00,Annual,Total employment (resident population concept - LFS),Total,From 20 to 64 years,Percentage of total population,Poland,2017,70.0,,
ESTAT:TIPSLM100(1.0),13/03/25 23:00:00,Annual,Total employment (resident population concept - LFS),Total,From 20 to 64 years,Percentage of total population,Poland,2018,71.4,,
ESTAT:TIPSLM100(1.0),13/03/25 23:00:00,Annual,Total employment (resident population concept - LFS),Total,From 20 to 64 years,Percentage of total population,Poland,2019,72.6,b,
ESTAT:TIPSLM100(1.0),13/03/25 23:00:00,Annual,Total employment (resident population concept - LFS),Total,From 20 to 64 years,Percentage of total population,Poland,2020,72.8,,
ESTAT:TIPSLM100(1.0),13/03/25 23:00:00,Annual,Total employment (resident population concept - LFS),Total,From 20 to 64 years,Percentage of total population,Poland,2021,75.5,,
ESTAT:TIPSLM100(1.0),13/03/25 23:00:00,Annual,Total employment (resident population concept - LFS),Total,From 20 to 64 years,Percentage of total population,Poland,2022,76.7,,
ESTAT:TIPSLM100(1.0),13/03/25 23:00:00,Annual,Total employment (resident population concept - LFS),Total,From 20 to 64 years,Percentage of total population,Poland,2023,77.9,,
ESTAT:TIPSLM100(1.0),13/03/25 23:00:00,Annual,Total employment (resident population concept - LFS),Total,From 20 to 64 years,Percentage of total population,Poland,2024,78.4,,
ESTAT:TIPSLM100(1.0),13/03/25 23:00:00,Annual,Total employment (resident population concept - LFS),Total,From 20 to 64 years,Percentage of total population,Portugal,2014,66.1,,
ESTAT:TIPSLM100(1.0),13/03/25 23:00:00,Annual,Total employment (resident population concept - LFS),Total,From 20 to 64 years,Percentage of total population,Portugal,2015,67.9,,
ESTAT:TIPSLM100(1.0),13/03/25 23:00:00,Annual,Total employment (resident population concept - LFS),Total,From 20 to 64 years,Percentage of total population,Portugal,2016,69.5,,
ESTAT:TIPSLM100(1.0),13/03/25 23:00:00,Annual,Total employment (resident population concept - LFS),Total,From 20 to 64 years,Percentage of total population,Portugal,2017,72.5,,
ESTAT:TIPSLM100(1.0),13/03/25 23:00:00,Annual,Total employment (resident population concept - LFS),Total,From 20 to 64 years,Percentage of total population,Portugal,2018,74.6,,
ESTAT:TIPSLM100(1.0),13/03/25 23:00:00,Annual,Total employment (resident population concept - LFS),Total,From 20 to 64 years,Percentage of total population,Portugal,2019,75.4,,
ESTAT:TIPSLM100(1.0),13/03/25 23:00:00,Annual,Total employment (resident population concept - LFS),Total,From 20 to 64 years,Percentage of total population,Portugal,2020,73.9,,
ESTAT:TIPSLM100(1.0),13/03/25 23:00:00,Annual,Total employment (resident population concept - LFS),Total,From 20 to 64 years,Percentage of total population,Portugal,2021,75.5,,
ESTAT:TIPSLM100(1.0),13/03/25 23:00:00,Annual,Total employment (resident population concept - LFS),Total,From 20 to 64 years,Percentage of total population,Portugal,2022,77.1,,
ESTAT:TIPSLM100(1.0),13/03/25 23:00:00,Annual,Total employment (resident population concept - LFS),Total,From 20 to 64 years,Percentage of total population,Portugal,2023,78.0,,
ESTAT:TIPSLM100(1.0),13/03/25 23:00:00,Annual,Total employment (resident population concept - LFS),Total,From 20 to 64 years,Percentage of total population,Portugal,2024,78.5,,
ESTAT:TIPSLM100(1.0),13/03/25 23:00:00,Annual,Total employment (resident population concept - LFS),Total,From 20 to 64 years,Percentage of total population,Romania,2014,58.0,,
ESTAT:TIPSLM100(1.0),13/03/25 23:00:00,Annual,Total employment (resident population concept - LFS),Total,From 20 to 64 years,Percentage of total population,Romania,2015,59.2,,
ESTAT:TIPSLM100(1.0),13/03/25 23:00:00,Annual,Total employment (resident population concept - LFS),Total,From 20 to 64 years,Percentage of total population,Romania,2016,60.3,,
ESTAT:TIPSLM100(1.0),13/03/25 23:00:00,Annual,Total employment (resident population concept - LFS),Total,From 20 to 64 years,Percentage of total population,Romania,2017,62.7,,
ESTAT:TIPSLM100(1.0),13/03/25 23:00:00,Annual,Total employment (resident population concept - LFS),Total,From 20 to 64 years,Percentage of total population,Romania,2018,63.9,,
ESTAT:TIPSLM100(1.0),13/03/25 23:00:00,Annual,Total employment (resident population concept - LFS),Total,From 20 to 64 years,Percentage of total population,Romania,2019,65.1,,
ESTAT:TIPSLM100(1.0),13/03/25 23:00:00,Annual,Total employment (resident population concept - LFS),Total,From 20 to 64 years,Percentage of total population,Romania,2020,65.2,,
ESTAT:TIPSLM100(1.0),13/03/25 23:00:00,Annual,Total employment (resident population concept - LFS),Total,From 20 to 64 years,Percentage of total population,Romania,2021,67.1,,
ESTAT:TIPSLM100(1.0),13/03/25 23:00:00,Annual,Total employment (resident population concept - LFS),Total,From 20 to 64 years,Percentage of total population,Romania,2022,68.5,,
ESTAT:TIPSLM100(1.0),13/03/25 23:00:00,Annual,Total employment (resident population concept - LFS),Total,From 20 to 64 years,Percentage of total population,Romania,2023,68.7,,
ESTAT:TIPSLM100(1.0),13/03/25 23:00:00,Annual,Total employment (resident population concept - LFS),Total,From 20 to 64 years,Percentage of total population,Romania,2024,69.5,,
ESTAT:TIPSLM100(1.0),13/03/25 23:00:00,Annual,Total employment (resident population concept - LFS),Total,From 20 to 64 years,Percentage of total population,Sweden,2014,79.6,,
ESTAT:TIPSLM100(1.0),13/03/25 23:00:00,Annual,Total employment (resident population concept - LFS),Total,From 20 to 64 years,Percentage of total population,Sweden,2015,80.1,,
ESTAT:TIPSLM100(1.0),13/03/25 23:00:00,Annual,Total employment (resident population concept - LFS),Total,From 20 to 64 years,Percentage of total population,Sweden,2016,80.8,,
ESTAT:TIPSLM100(1.0),13/03/25 23:00:00,Annual,Total employment (resident population concept - LFS),Total,From 20 to 64 years,Percentage of total population,Sweden,2017,81.4,,
ESTAT:TIPSLM100(1.0),13/03/25 23:00:00,Annual,Total employment (resident population concept - LFS),Total,From 20 to 64 years,Percentage of total population,Sweden,2018,82.0,,
ESTAT:TIPSLM100(1.0),13/03/25 23:00:00,Annual,Total employment (resident population concept - LFS),Total,From 20 to 64 years,Percentage of total population,Sweden,2019,81.7,,
ESTAT:TIPSLM100(1.0),13/03/25 23:00:00,Annual,Total employment (resident population concept - LFS),Total,From 20 to 64 years,Percentage of total population,Sweden,2020,80.2,,
ESTAT:TIPSLM100(1.0),13/03/25 23:00:00,Annual,Total employment (resident population concept - LFS),Total,From 20 to 64 years,Percentage of total population,Sweden,2021,80.4,,
ESTAT:TIPSLM100(1.0),13/03/25 23:00:00,Annual,Total employment (resident population concept - LFS),Total,From 20 to 64 years,Percentage of total population,Sweden,2022,82.0,,
ESTAT:TIPSLM100(1.0),13/03/25 23:00:00,Annual,Total employment (resident population concept - LFS),Total,From 20 to 64 years,Percentage of total population,Sweden,2023,82.6,,
ESTAT:TIPSLM100(1.0),13/03/25 23:00:00,Annual,Total employment (resident population concept - LFS),Total,From 20 to 64 years,Percentage of total population,Sweden,2024,81.9,,
ESTAT:TIPSLM100(1.0),13/03/25 23:00:00,Annual,Total employment (resident population concept - LFS),Total,From 20 to 64 years,Percentage of total population,Slovenia,2014,67.3,,
ESTAT:TIPSLM100(1.0),13/03/25 23:00:00,Annual,Total employment (resident population concept - LFS),Total,From 20 to 64 years,Percentage of total population,Slovenia,2015,68.6,,
ESTAT:TIPSLM100(1.0),13/03/25 23:00:00,Annual,Total employment (resident population concept - LFS),Total,From 20 to 64 years,Percentage of total population,Slovenia,2016,69.5,,
ESTAT:TIPSLM100(1.0),13/03/25 23:00:00,Annual,Total employment (resident population concept - LFS),Total,From 20 to 64 years,Percentage of total population,Slovenia,2017,72.9,,
ESTAT:TIPSLM100(1.0),13/03/25 23:00:00,Annual,Total employment (resident population concept - LFS),Total,From 20 to 64 years,Percentage of total population,Slovenia,2018,74.9,,
ESTAT:TIPSLM100(1.0),13/03/25 23:00:00,Annual,Total employment (resident population concept - LFS),Total,From 20 to 64 years,Percentage of total population,Slovenia,2019,75.9,,
ESTAT:TIPSLM100(1.0),13/03/25 23:00:00,Annual,Total employment (resident population concept - LFS),Total,From 20 to 64 years,Percentage of total population,Slovenia,2020,74.8,,
ESTAT:TIPSLM100(1.0),13/03/25 23:00:00,Annual,Total employment (resident population concept - LFS),Total,From 20 to 64 years,Percentage of total population,Slovenia,2021,76.1,,
ESTAT:TIPSLM100(1.0),13/03/25 23:00:00,Annual,Total employment (resident population concept - LFS),Total,From 20 to 64 years,Percentage of total population,Slovenia,2022,77.9,,
ESTAT:TIPSLM100(1.0),13/03/25 23:00:00,Annual,Total employment (resident population concept - LFS),Total,From 20 to 64 years,Percentage of total population,Slovenia,2023,77.5,,
ESTAT:TIPSLM100(1.0),13/03/25 23:00:00,Annual,Total employment (resident population concept - LFS),Total,From 20 to 64 years,Percentage of total population,Slovenia,2024,78.3,,
ESTAT:TIPSLM100(1.0),13/03/25 23:00:00,Annual,Total employment (resident population concept - LFS),Total,From 20 to 64 years,Percentage of total population,Slovakia,2014,67.8,,
ESTAT:TIPSLM100(1.0),13/03/25 23:00:00,Annual,Total employment (resident population concept - LFS),Total,From 20 to 64 years,Percentage of total population,Slovakia,2015,69.6,,
ESTAT:TIPSLM100(1.0),13/03/25 23:00:00,Annual,Total employment (resident population concept - LFS),Total,From 20 to 64 years,Percentage of total population,Slovakia,2016,71.8,,
ESTAT:TIPSLM100(1.0),13/03/25 23:00:00,Annual,Total employment (resident population concept - LFS),Total,From 20 to 64 years,Percentage of total population,Slovakia,2017,73.2,,
ESTAT:TIPSLM100(1.0),13/03/25 23:00:00,Annual,Total employment (resident population concept - LFS),Total,From 20 to 64 years,Percentage of total population,Slovakia,2018,74.5,,
ESTAT:TIPSLM100(1.0),13/03/25 23:00:00,Annual,Total employment (resident population concept - LFS),Total,From 20 to 64 years,Percentage of total population,Slovakia,2019,75.6,,
ESTAT:TIPSLM100(1.0),13/03/25 23:00:00,Annual,Total employment (resident population concept - LFS),Total,From 20 to 64 years,Percentage of total population,Slovakia,2020,74.6,,
ESTAT:TIPSLM100(1.0),13/03/25 23:00:00,Annual,Total employment (resident population concept - LFS),Total,From 20 to 64 years,Percentage of total population,Slovakia,2021,74.6,,
ESTAT:TIPSLM100(1.0),13/03/25 23:00:00,Annual,Total employment (resident population concept - LFS),Total,From 20 to 64 years,Percentage of total population,Slovakia,2022,76.7,,
ESTAT:TIPSLM100(1.0),13/03/25 23:00:00,Annual,Total employment (resident population concept - LFS),Total,From 20 to 64 years,Percentage of total population,Slovakia,2023,77.5,,
ESTAT:TIPSLM100(1.0),13/03/25 23:00:00,Annual,Total employment (resident population concept - LFS),Total,From 20 to 64 years,Percentage of total population,Slovakia,2024,78.1,,
