DATAFLOW,LAST UPDATE,freq,unit,icha11_hc,geo,TIME_PERIOD,OBS_VALUE,OBS_FLAG,CONF_STATUS
ESTAT:TPS00207(1.0),04/11/24 23:00:00,Annual,Euro per inhabitant,Current health care expenditure (CHE),Austria,2012,3855.27,,
ESTAT:TPS00207(1.0),04/11/24 23:00:00,Annual,Euro per inhabitant,Current health care expenditure (CHE),Austria,2013,3928.93,,
ESTAT:TPS00207(1.0),04/11/24 23:00:00,Annual,Euro per inhabitant,Current health care expenditure (CHE),Austria,2014,4041.59,,
ESTAT:TPS00207(1.0),04/11/24 23:00:00,Annual,Euro per inhabitant,Current health care expenditure (CHE),Austria,2015,4129.77,,
ESTAT:TPS00207(1.0),04/11/24 23:00:00,Annual,Euro per inhabitant,Current health care expenditure (CHE),Austria,2016,4237.37,,
ESTAT:TPS00207(1.0),04/11/24 23:00:00,Annual,Euro per inhabitant,Current health care expenditure (CHE),Austria,2017,4359.69,,
ESTAT:TPS00207(1.0),04/11/24 23:00:00,Annual,Euro per inhabitant,Current health care expenditure (CHE),Austria,2018,4510.08,,
ESTAT:TPS00207(1.0),04/11/24 23:00:00,Annual,Euro per inhabitant,Current health care expenditure (CHE),Austria,2019,4690.47,,
ESTAT:TPS00207(1.0),04/11/24 23:00:00,Annual,Euro per inhabitant,Current health care expenditure (CHE),Austria,2020,4833.86,,
ESTAT:TPS00207(1.0),04/11/24 23:00:00,Annual,Euro per inhabitant,Current health care expenditure (CHE),Austria,2021,5498.80,,
ESTAT:TPS00207(1.0),04/11/24 23:00:00,Annual,Euro per inhabitant,Current health care expenditure (CHE),Austria,2022,5518.49,,
ESTAT:TPS00207(1.0),04/11/24 23:00:00,Annual,Euro per inhabitant,Current health care expenditure (CHE),Bosnia and Herzegovina,2013,337.05,,
ESTAT:TPS00207(1.0),04/11/24 23:00:00,Annual,Euro per inhabitant,Current health care expenditure (CHE),Bosnia and Herzegovina,2014,346.08,,
ESTAT:TPS00207(1.0),04/11/24 23:00:00,Annual,Euro per inhabitant,Current health care expenditure (CHE),Bosnia and Herzegovina,2015,372.37,,
ESTAT:TPS00207(1.0),04/11/24 23:00:00,Annual,Euro per inhabitant,Current health care expenditure (CHE),Bosnia and Herzegovina,2016,402.60,,
ESTAT:TPS00207(1.0),04/11/24 23:00:00,Annual,Euro per inhabitant,Current health care expenditure (CHE),Bosnia and Herzegovina,2017,409.09,,
ESTAT:TPS00207(1.0),04/11/24 23:00:00,Annual,Euro per inhabitant,Current health care expenditure (CHE),Bosnia and Herzegovina,2018,434.88,,
ESTAT:TPS00207(1.0),04/11/24 23:00:00,Annual,Euro per inhabitant,Current health care expenditure (CHE),Belgium,2012,3651.59,,
ESTAT:TPS00207(1.0),04/11/24 23:00:00,Annual,Euro per inhabitant,Current health care expenditure (CHE),Belgium,2013,3722.91,,
ESTAT:TPS00207(1.0),04/11/24 23:00:00,Annual,Euro per inhabitant,Current health care expenditure (CHE),Belgium,2014,3814.10,,
ESTAT:TPS00207(1.0),04/11/24 23:00:00,Annual,Euro per inhabitant,Current health care expenditure (CHE),Belgium,2015,3990.56,,
ESTAT:TPS00207(1.0),04/11/24 23:00:00,Annual,Euro per inhabitant,Current health care expenditure (CHE),Belgium,2016,4096.58,,
ESTAT:TPS00207(1.0),04/11/24 23:00:00,Annual,Euro per inhabitant,Current health care expenditure (CHE),Belgium,2017,4225.93,,
ESTAT:TPS00207(1.0),04/11/24 23:00:00,Annual,Euro per inhabitant,Current health care expenditure (CHE),Belgium,2018,4372.70,,
ESTAT:TPS00207(1.0),04/11/24 23:00:00,Annual,Euro per inhabitant,Current health care expenditure (CHE),Belgium,2019,4482.91,,
ESTAT:TPS00207(1.0),04/11/24 23:00:00,Annual,Euro per inhabitant,Current health care expenditure (CHE),Belgium,2020,4498.15,,
ESTAT:TPS00207(1.0),04/11/24 23:00:00,Annual,Euro per inhabitant,Current health care expenditure (CHE),Belgium,2021,4843.02,,
ESTAT:TPS00207(1.0),04/11/24 23:00:00,Annual,Euro per inhabitant,Current health care expenditure (CHE),Belgium,2022,5104.86,,
ESTAT:TPS00207(1.0),04/11/24 23:00:00,Annual,Euro per inhabitant,Current health care expenditure (CHE),Bulgaria,2012,436.06,,
ESTAT:TPS00207(1.0),04/11/24 23:00:00,Annual,Euro per inhabitant,Current health care expenditure (CHE),Bulgaria,2013,413.42,,
ESTAT:TPS00207(1.0),04/11/24 23:00:00,Annual,Euro per inhabitant,Current health care expenditure (CHE),Bulgaria,2014,457.59,,
ESTAT:TPS00207(1.0),04/11/24 23:00:00,Annual,Euro per inhabitant,Current health care expenditure (CHE),Bulgaria,2015,471.74,,
ESTAT:TPS00207(1.0),04/11/24 23:00:00,Annual,Euro per inhabitant,Current health care expenditure (CHE),Bulgaria,2016,510.22,,
ESTAT:TPS00207(1.0),04/11/24 23:00:00,Annual,Euro per inhabitant,Current health care expenditure (CHE),Bulgaria,2017,556.20,,
ESTAT:TPS00207(1.0),04/11/24 23:00:00,Annual,Euro per inhabitant,Current health care expenditure (CHE),Bulgaria,2018,586.55,,
ESTAT:TPS00207(1.0),04/11/24 23:00:00,Annual,Euro per inhabitant,Current health care expenditure (CHE),Bulgaria,2019,625.59,,
ESTAT:TPS00207(1.0),04/11/24 23:00:00,Annual,Euro per inhabitant,Current health care expenditure (CHE),Bulgaria,2020,753.65,,
ESTAT:TPS00207(1.0),04/11/24 23:00:00,Annual,Euro per inhabitant,Current health care expenditure (CHE),Bulgaria,2021,890.50,,
ESTAT:TPS00207(1.0),04/11/24 23:00:00,Annual,Euro per inhabitant,Current health care expenditure (CHE),Bulgaria,2022,989.78,,
ESTAT:TPS00207(1.0),04/11/24 23:00:00,Annual,Euro per inhabitant,Current health care expenditure (CHE),Switzerland,2012,6910.07,,
ESTAT:TPS00207(1.0),04/11/24 23:00:00,Annual,Euro per inhabitant,Current health care expenditure (CHE),Switzerland,2013,6977.19,,
ESTAT:TPS00207(1.0),04/11/24 23:00:00,Annual,Euro per inhabitant,Current health care expenditure (CHE),Switzerland,2014,7160.61,,
ESTAT:TPS00207(1.0),04/11/24 23:00:00,Annual,Euro per inhabitant,Current health care expenditure (CHE),Switzerland,2015,8311.17,,
ESTAT:TPS00207(1.0),04/11/24 23:00:00,Annual,Euro per inhabitant,Current health care expenditure (CHE),Switzerland,2016,8338.43,,
ESTAT:TPS00207(1.0),04/11/24 23:00:00,Annual,Euro per inhabitant,Current health care expenditure (CHE),Switzerland,2017,8315.14,,
ESTAT:TPS00207(1.0),04/11/24 23:00:00,Annual,Euro per inhabitant,Current health care expenditure (CHE),Switzerland,2018,8079.96,,
ESTAT:TPS00207(1.0),04/11/24 23:00:00,Annual,Euro per inhabitant,Current health care expenditure (CHE),Switzerland,2019,8586.70,,
ESTAT:TPS00207(1.0),04/11/24 23:00:00,Annual,Euro per inhabitant,Current health care expenditure (CHE),Switzerland,2020,9043.05,,
ESTAT:TPS00207(1.0),04/11/24 23:00:00,Annual,Euro per inhabitant,Current health care expenditure (CHE),Switzerland,2021,9482.43,,
ESTAT:TPS00207(1.0),04/11/24 23:00:00,Annual,Euro per inhabitant,Current health care expenditure (CHE),Switzerland,2022,10374.05,,
ESTAT:TPS00207(1.0),04/11/24 23:00:00,Annual,Euro per inhabitant,Current health care expenditure (CHE),Cyprus,2012,1474.97,,
ESTAT:TPS00207(1.0),04/11/24 23:00:00,Annual,Euro per inhabitant,Current health care expenditure (CHE),Cyprus,2013,1449.97,,
ESTAT:TPS00207(1.0),04/11/24 23:00:00,Annual,Euro per inhabitant,Current health care expenditure (CHE),Cyprus,2014,1421.46,,
ESTAT:TPS00207(1.0),04/11/24 23:00:00,Annual,Euro per inhabitant,Current health care expenditure (CHE),Cyprus,2015,1438.18,,
ESTAT:TPS00207(1.0),04/11/24 23:00:00,Annual,Euro per inhabitant,Current health care expenditure (CHE),Cyprus,2016,1485.39,,
ESTAT:TPS00207(1.0),04/11/24 23:00:00,Annual,Euro per inhabitant,Current health care expenditure (CHE),Cyprus,2017,1564.91,,
ESTAT:TPS00207(1.0),04/11/24 23:00:00,Annual,Euro per inhabitant,Current health care expenditure (CHE),Cyprus,2018,1700.49,,
ESTAT:TPS00207(1.0),04/11/24 23:00:00,Annual,Euro per inhabitant,Current health care expenditure (CHE),Cyprus,2019,1856.90,,
ESTAT:TPS00207(1.0),04/11/24 23:00:00,Annual,Euro per inhabitant,Current health care expenditure (CHE),Cyprus,2020,2169.11,,
ESTAT:TPS00207(1.0),04/11/24 23:00:00,Annual,Euro per inhabitant,Current health care expenditure (CHE),Cyprus,2021,2623.43,,
ESTAT:TPS00207(1.0),04/11/24 23:00:00,Annual,Euro per inhabitant,Current health care expenditure (CHE),Cyprus,2022,2699.66,,
ESTAT:TPS00207(1.0),04/11/24 23:00:00,Annual,Euro per inhabitant,Current health care expenditure (CHE),Czechia,2012,1174.70,,
ESTAT:TPS00207(1.0),04/11/24 23:00:00,Annual,Euro per inhabitant,Current health care expenditure (CHE),Czechia,2013,1136.77,,
ESTAT:TPS00207(1.0),04/11/24 23:00:00,Annual,Euro per inhabitant,Current health care expenditure (CHE),Czechia,2014,1138.84,,
ESTAT:TPS00207(1.0),04/11/24 23:00:00,Annual,Euro per inhabitant,Current health care expenditure (CHE),Czechia,2015,1179.34,,
ESTAT:TPS00207(1.0),04/11/24 23:00:00,Annual,Euro per inhabitant,Current health care expenditure (CHE),Czechia,2016,1241.50,,
ESTAT:TPS00207(1.0),04/11/24 23:00:00,Annual,Euro per inhabitant,Current health care expenditure (CHE),Czechia,2017,1344.82,,
ESTAT:TPS00207(1.0),04/11/24 23:00:00,Annual,Euro per inhabitant,Current health care expenditure (CHE),Czechia,2018,1480.64,,
ESTAT:TPS00207(1.0),04/11/24 23:00:00,Annual,Euro per inhabitant,Current health care expenditure (CHE),Czechia,2019,1609.55,,
ESTAT:TPS00207(1.0),04/11/24 23:00:00,Annual,Euro per inhabitant,Current health care expenditure (CHE),Czechia,2020,1847.26,,
ESTAT:TPS00207(1.0),04/11/24 23:00:00,Annual,Euro per inhabitant,Current health care expenditure (CHE),Czechia,2021,2143.63,,
ESTAT:TPS00207(1.0),04/11/24 23:00:00,Annual,Euro per inhabitant,Current health care expenditure (CHE),Czechia,2022,2277.78,,
ESTAT:TPS00207(1.0),04/11/24 23:00:00,Annual,Euro per inhabitant,Current health care expenditure (CHE),Germany,2012,3704.79,,
ESTAT:TPS00207(1.0),04/11/24 23:00:00,Annual,Euro per inhabitant,Current health care expenditure (CHE),Germany,2013,3834.33,,
ESTAT:TPS00207(1.0),04/11/24 23:00:00,Annual,Euro per inhabitant,Current health care expenditure (CHE),Germany,2014,3985.74,,
ESTAT:TPS00207(1.0),04/11/24 23:00:00,Annual,Euro per inhabitant,Current health care expenditure (CHE),Germany,2015,4145.58,,
ESTAT:TPS00207(1.0),04/11/24 23:00:00,Annual,Euro per inhabitant,Current health care expenditure (CHE),Germany,2016,4279.33,,
ESTAT:TPS00207(1.0),04/11/24 23:00:00,Annual,Euro per inhabitant,Current health care expenditure (CHE),Germany,2017,4476.61,,
ESTAT:TPS00207(1.0),04/11/24 23:00:00,Annual,Euro per inhabitant,Current health care expenditure (CHE),Germany,2018,4657.37,,
ESTAT:TPS00207(1.0),04/11/24 23:00:00,Annual,Euro per inhabitant,Current health care expenditure (CHE),Germany,2019,4898.43,,
ESTAT:TPS00207(1.0),04/11/24 23:00:00,Annual,Euro per inhabitant,Current health care expenditure (CHE),Germany,2020,5194.04,,
ESTAT:TPS00207(1.0),04/11/24 23:00:00,Annual,Euro per inhabitant,Current health care expenditure (CHE),Germany,2021,5609.80,,
ESTAT:TPS00207(1.0),04/11/24 23:00:00,Annual,Euro per inhabitant,Current health care expenditure (CHE),Germany,2022,5831.61,,
ESTAT:TPS00207(1.0),04/11/24 23:00:00,Annual,Euro per inhabitant,Current health care expenditure (CHE),Denmark,2012,4790.53,,
ESTAT:TPS00207(1.0),04/11/24 23:00:00,Annual,Euro per inhabitant,Current health care expenditure (CHE),Denmark,2013,4759.80,,
ESTAT:TPS00207(1.0),04/11/24 23:00:00,Annual,Euro per inhabitant,Current health care expenditure (CHE),Denmark,2014,4854.70,,
ESTAT:TPS00207(1.0),04/11/24 23:00:00,Annual,Euro per inhabitant,Current health care expenditure (CHE),Denmark,2015,4969.01,,
ESTAT:TPS00207(1.0),04/11/24 23:00:00,Annual,Euro per inhabitant,Current health care expenditure (CHE),Denmark,2016,5066.91,,
ESTAT:TPS00207(1.0),04/11/24 23:00:00,Annual,Euro per inhabitant,Current health care expenditure (CHE),Denmark,2017,5164.02,,
ESTAT:TPS00207(1.0),04/11/24 23:00:00,Annual,Euro per inhabitant,Current health care expenditure (CHE),Denmark,2018,5269.24,,
ESTAT:TPS00207(1.0),04/11/24 23:00:00,Annual,Euro per inhabitant,Current health care expenditure (CHE),Denmark,2019,5404.57,,
ESTAT:TPS00207(1.0),04/11/24 23:00:00,Annual,Euro per inhabitant,Current health care expenditure (CHE),Denmark,2020,5722.96,,
ESTAT:TPS00207(1.0),04/11/24 23:00:00,Annual,Euro per inhabitant,Current health care expenditure (CHE),Denmark,2021,6293.45,,
ESTAT:TPS00207(1.0),04/11/24 23:00:00,Annual,Euro per inhabitant,Current health care expenditure (CHE),Denmark,2022,6109.87,,
ESTAT:TPS00207(1.0),04/11/24 23:00:00,Annual,Euro per inhabitant,Current health care expenditure (CHE),Euro area - 19 countries  (2015-2022),2014,3086.98,,
ESTAT:TPS00207(1.0),04/11/24 23:00:00,Annual,Euro per inhabitant,Current health care expenditure (CHE),Euro area - 19 countries  (2015-2022),2015,3174.53,,
ESTAT:TPS00207(1.0),04/11/24 23:00:00,Annual,Euro per inhabitant,Current health care expenditure (CHE),Euro area - 19 countries  (2015-2022),2016,3250.65,,
ESTAT:TPS00207(1.0),04/11/24 23:00:00,Annual,Euro per inhabitant,Current health care expenditure (CHE),Euro area - 19 countries  (2015-2022),2017,3349.98,,
ESTAT:TPS00207(1.0),04/11/24 23:00:00,Annual,Euro per inhabitant,Current health care expenditure (CHE),Euro area - 19 countries  (2015-2022),2018,3453.44,,
ESTAT:TPS00207(1.0),04/11/24 23:00:00,Annual,Euro per inhabitant,Current health care expenditure (CHE),Euro area - 19 countries  (2015-2022),2019,3590.16,,
ESTAT:TPS00207(1.0),04/11/24 23:00:00,Annual,Euro per inhabitant,Current health care expenditure (CHE),Euro area - 19 countries  (2015-2022),2020,3761.30,p,
ESTAT:TPS00207(1.0),04/11/24 23:00:00,Annual,Euro per inhabitant,Current health care expenditure (CHE),Euro area - 19 countries  (2015-2022),2021,4075.80,p,
ESTAT:TPS00207(1.0),04/11/24 23:00:00,Annual,Euro per inhabitant,Current health care expenditure (CHE),Euro area - 19 countries  (2015-2022),2022,4205.26,p,
ESTAT:TPS00207(1.0),04/11/24 23:00:00,Annual,Euro per inhabitant,Current health care expenditure (CHE),Euro area – 20 countries (from 2023),2014,3057.28,,
ESTAT:TPS00207(1.0),04/11/24 23:00:00,Annual,Euro per inhabitant,Current health care expenditure (CHE),Euro area – 20 countries (from 2023),2015,3144.45,,
ESTAT:TPS00207(1.0),04/11/24 23:00:00,Annual,Euro per inhabitant,Current health care expenditure (CHE),Euro area – 20 countries (from 2023),2016,3220.51,,
ESTAT:TPS00207(1.0),04/11/24 23:00:00,Annual,Euro per inhabitant,Current health care expenditure (CHE),Euro area – 20 countries (from 2023),2017,3319.53,,
ESTAT:TPS00207(1.0),04/11/24 23:00:00,Annual,Euro per inhabitant,Current health care expenditure (CHE),Euro area – 20 countries (from 2023),2018,3422.89,,
ESTAT:TPS00207(1.0),04/11/24 23:00:00,Annual,Euro per inhabitant,Current health care expenditure (CHE),Euro area – 20 countries (from 2023),2019,3558.91,,
ESTAT:TPS00207(1.0),04/11/24 23:00:00,Annual,Euro per inhabitant,Current health care expenditure (CHE),Euro area – 20 countries (from 2023),2020,3728.63,p,
ESTAT:TPS00207(1.0),04/11/24 23:00:00,Annual,Euro per inhabitant,Current health care expenditure (CHE),Euro area – 20 countries (from 2023),2021,4042.99,p,
ESTAT:TPS00207(1.0),04/11/24 23:00:00,Annual,Euro per inhabitant,Current health care expenditure (CHE),Euro area – 20 countries (from 2023),2022,4172.85,p,
ESTAT:TPS00207(1.0),04/11/24 23:00:00,Annual,Euro per inhabitant,Current health care expenditure (CHE),Estonia,2012,825.61,,
ESTAT:TPS00207(1.0),04/11/24 23:00:00,Annual,Euro per inhabitant,Current health care expenditure (CHE),Estonia,2013,901.15,,
ESTAT:TPS00207(1.0),04/11/24 23:00:00,Annual,Euro per inhabitant,Current health care expenditure (CHE),Estonia,2014,970.27,,
ESTAT:TPS00207(1.0),04/11/24 23:00:00,Annual,Euro per inhabitant,Current health care expenditure (CHE),Estonia,2015,1041.66,,
ESTAT:TPS00207(1.0),04/11/24 23:00:00,Annual,Euro per inhabitant,Current health care expenditure (CHE),Estonia,2016,1107.80,,
ESTAT:TPS00207(1.0),04/11/24 23:00:00,Annual,Euro per inhabitant,Current health care expenditure (CHE),Estonia,2017,1193.55,,
ESTAT:TPS00207(1.0),04/11/24 23:00:00,Annual,Euro per inhabitant,Current health care expenditure (CHE),Estonia,2018,1312.58,,
ESTAT:TPS00207(1.0),04/11/24 23:00:00,Annual,Euro per inhabitant,Current health care expenditure (CHE),Estonia,2019,1426.42,,
ESTAT:TPS00207(1.0),04/11/24 23:00:00,Annual,Euro per inhabitant,Current health care expenditure (CHE),Estonia,2020,1565.67,,
ESTAT:TPS00207(1.0),04/11/24 23:00:00,Annual,Euro per inhabitant,Current health care expenditure (CHE),Estonia,2021,1766.91,,
ESTAT:TPS00207(1.0),04/11/24 23:00:00,Annual,Euro per inhabitant,Current health care expenditure (CHE),Estonia,2022,1874.20,,
ESTAT:TPS00207(1.0),04/11/24 23:00:00,Annual,Euro per inhabitant,Current health care expenditure (CHE),Greece,2012,1522.08,,
ESTAT:TPS00207(1.0),04/11/24 23:00:00,Annual,Euro per inhabitant,Current health care expenditure (CHE),Greece,2013,1384.25,,
ESTAT:TPS00207(1.0),04/11/24 23:00:00,Annual,Euro per inhabitant,Current health care expenditure (CHE),Greece,2014,1284.05,,
ESTAT:TPS00207(1.0),04/11/24 23:00:00,Annual,Euro per inhabitant,Current health care expenditure (CHE),Greece,2015,1339.78,,
ESTAT:TPS00207(1.0),04/11/24 23:00:00,Annual,Euro per inhabitant,Current health care expenditure (CHE),Greece,2016,1368.10,,
ESTAT:TPS00207(1.0),04/11/24 23:00:00,Annual,Euro per inhabitant,Current health care expenditure (CHE),Greece,2017,1338.15,,
ESTAT:TPS00207(1.0),04/11/24 23:00:00,Annual,Euro per inhabitant,Current health care expenditure (CHE),Greece,2018,1358.49,,
ESTAT:TPS00207(1.0),04/11/24 23:00:00,Annual,Euro per inhabitant,Current health care expenditure (CHE),Greece,2019,1401.97,,
ESTAT:TPS00207(1.0),04/11/24 23:00:00,Annual,Euro per inhabitant,Current health care expenditure (CHE),Greece,2020,1469.02,,
ESTAT:TPS00207(1.0),04/11/24 23:00:00,Annual,Euro per inhabitant,Current health care expenditure (CHE),Greece,2021,1577.26,,
ESTAT:TPS00207(1.0),04/11/24 23:00:00,Annual,Euro per inhabitant,Current health care expenditure (CHE),Greece,2022,1682.72,,
ESTAT:TPS00207(1.0),04/11/24 23:00:00,Annual,Euro per inhabitant,Current health care expenditure (CHE),Spain,2012,2018.42,,
ESTAT:TPS00207(1.0),04/11/24 23:00:00,Annual,Euro per inhabitant,Current health care expenditure (CHE),Spain,2013,1984.84,,
ESTAT:TPS00207(1.0),04/11/24 23:00:00,Annual,Euro per inhabitant,Current health care expenditure (CHE),Spain,2014,2018.69,,
ESTAT:TPS00207(1.0),04/11/24 23:00:00,Annual,Euro per inhabitant,Current health care expenditure (CHE),Spain,2015,2117.85,,
ESTAT:TPS00207(1.0),04/11/24 23:00:00,Annual,Euro per inhabitant,Current health care expenditure (CHE),Spain,2016,2145.45,,
ESTAT:TPS00207(1.0),04/11/24 23:00:00,Annual,Euro per inhabitant,Current health care expenditure (CHE),Spain,2017,2232.14,,
ESTAT:TPS00207(1.0),04/11/24 23:00:00,Annual,Euro per inhabitant,Current health care expenditure (CHE),Spain,2018,2314.86,,
ESTAT:TPS00207(1.0),04/11/24 23:00:00,Annual,Euro per inhabitant,Current health care expenditure (CHE),Spain,2019,2413.84,,
ESTAT:TPS00207(1.0),04/11/24 23:00:00,Annual,Euro per inhabitant,Current health care expenditure (CHE),Spain,2020,2535.45,,
ESTAT:TPS00207(1.0),04/11/24 23:00:00,Annual,Euro per inhabitant,Current health care expenditure (CHE),Spain,2021,2657.37,,
ESTAT:TPS00207(1.0),04/11/24 23:00:00,Annual,Euro per inhabitant,Current health care expenditure (CHE),Spain,2022,2745.32,,
ESTAT:TPS00207(1.0),04/11/24 23:00:00,Annual,Euro per inhabitant,Current health care expenditure (CHE),European Union - 27 countries (from 2020),2014,2658.13,,
ESTAT:TPS00207(1.0),04/11/24 23:00:00,Annual,Euro per inhabitant,Current health care expenditure (CHE),European Union - 27 countries (from 2020),2015,2737.20,,
ESTAT:TPS00207(1.0),04/11/24 23:00:00,Annual,Euro per inhabitant,Current health care expenditure (CHE),European Union - 27 countries (from 2020),2016,2807.27,,
ESTAT:TPS00207(1.0),04/11/24 23:00:00,Annual,Euro per inhabitant,Current health care expenditure (CHE),European Union - 27 countries (from 2020),2017,2902.08,,
ESTAT:TPS00207(1.0),04/11/24 23:00:00,Annual,Euro per inhabitant,Current health care expenditure (CHE),European Union - 27 countries (from 2020),2018,2994.18,,
ESTAT:TPS00207(1.0),04/11/24 23:00:00,Annual,Euro per inhabitant,Current health care expenditure (CHE),European Union - 27 countries (from 2020),2019,3116.25,,
ESTAT:TPS00207(1.0),04/11/24 23:00:00,Annual,Euro per inhabitant,Current health care expenditure (CHE),European Union - 27 countries (from 2020),2020,3273.66,p,
ESTAT:TPS00207(1.0),04/11/24 23:00:00,Annual,Euro per inhabitant,Current health care expenditure (CHE),European Union - 27 countries (from 2020),2021,3566.78,p,
ESTAT:TPS00207(1.0),04/11/24 23:00:00,Annual,Euro per inhabitant,Current health care expenditure (CHE),European Union - 27 countries (from 2020),2022,3684.55,p,
ESTAT:TPS00207(1.0),04/11/24 23:00:00,Annual,Euro per inhabitant,Current health care expenditure (CHE),Finland,2012,3559.49,,
ESTAT:TPS00207(1.0),04/11/24 23:00:00,Annual,Euro per inhabitant,Current health care expenditure (CHE),Finland,2013,3683.49,,
ESTAT:TPS00207(1.0),04/11/24 23:00:00,Annual,Euro per inhabitant,Current health care expenditure (CHE),Finland,2014,3705.37,,
ESTAT:TPS00207(1.0),04/11/24 23:00:00,Annual,Euro per inhabitant,Current health care expenditure (CHE),Finland,2015,3720.86,b,
ESTAT:TPS00207(1.0),04/11/24 23:00:00,Annual,Euro per inhabitant,Current health care expenditure (CHE),Finland,2016,3712.03,,
ESTAT:TPS00207(1.0),04/11/24 23:00:00,Annual,Euro per inhabitant,Current health care expenditure (CHE),Finland,2017,3749.64,,
ESTAT:TPS00207(1.0),04/11/24 23:00:00,Annual,Euro per inhabitant,Current health care expenditure (CHE),Finland,2018,3827.56,,
ESTAT:TPS00207(1.0),04/11/24 23:00:00,Annual,Euro per inhabitant,Current health care expenditure (CHE),Finland,2019,3984.05,,
ESTAT:TPS00207(1.0),04/11/24 23:00:00,Annual,Euro per inhabitant,Current health care expenditure (CHE),Finland,2020,4146.64,,
ESTAT:TPS00207(1.0),04/11/24 23:00:00,Annual,Euro per inhabitant,Current health care expenditure (CHE),Finland,2021,4448.96,p,
ESTAT:TPS00207(1.0),04/11/24 23:00:00,Annual,Euro per inhabitant,Current health care expenditure (CHE),Finland,2022,4666.15,p,
ESTAT:TPS00207(1.0),04/11/24 23:00:00,Annual,Euro per inhabitant,Current health care expenditure (CHE),France,2012,3606.13,,
ESTAT:TPS00207(1.0),04/11/24 23:00:00,Annual,Euro per inhabitant,Current health care expenditure (CHE),France,2013,3668.36,,
ESTAT:TPS00207(1.0),04/11/24 23:00:00,Annual,Euro per inhabitant,Current health care expenditure (CHE),France,2014,3736.38,,
ESTAT:TPS00207(1.0),04/11/24 23:00:00,Annual,Euro per inhabitant,Current health care expenditure (CHE),France,2015,3779.17,,
ESTAT:TPS00207(1.0),04/11/24 23:00:00,Annual,Euro per inhabitant,Current health care expenditure (CHE),France,2016,3847.37,,
ESTAT:TPS00207(1.0),04/11/24 23:00:00,Annual,Euro per inhabitant,Current health care expenditure (CHE),France,2017,3903.45,,
ESTAT:TPS00207(1.0),04/11/24 23:00:00,Annual,Euro per inhabitant,Current health care expenditure (CHE),France,2018,3944.92,,
ESTAT:TPS00207(1.0),04/11/24 23:00:00,Annual,Euro per inhabitant,Current health care expenditure (CHE),France,2019,4015.35,,
ESTAT:TPS00207(1.0),04/11/24 23:00:00,Annual,Euro per inhabitant,Current health care expenditure (CHE),France,2020,4139.21,,
ESTAT:TPS00207(1.0),04/11/24 23:00:00,Annual,Euro per inhabitant,Current health care expenditure (CHE),France,2021,4533.53,,
ESTAT:TPS00207(1.0),04/11/24 23:00:00,Annual,Euro per inhabitant,Current health care expenditure (CHE),France,2022,4606.98,,
ESTAT:TPS00207(1.0),04/11/24 23:00:00,Annual,Euro per inhabitant,Current health care expenditure (CHE),Croatia,2013,671.11,,
ESTAT:TPS00207(1.0),04/11/24 23:00:00,Annual,Euro per inhabitant,Current health care expenditure (CHE),Croatia,2014,686.44,,
ESTAT:TPS00207(1.0),04/11/24 23:00:00,Annual,Euro per inhabitant,Current health care expenditure (CHE),Croatia,2015,719.53,,
ESTAT:TPS00207(1.0),04/11/24 23:00:00,Annual,Euro per inhabitant,Current health care expenditure (CHE),Croatia,2016,763.03,,
ESTAT:TPS00207(1.0),04/11/24 23:00:00,Annual,Euro per inhabitant,Current health care expenditure (CHE),Croatia,2017,805.78,,
ESTAT:TPS00207(1.0),04/11/24 23:00:00,Annual,Euro per inhabitant,Current health care expenditure (CHE),Croatia,2018,870.38,,
ESTAT:TPS00207(1.0),04/11/24 23:00:00,Annual,Euro per inhabitant,Current health care expenditure (CHE),Croatia,2019,930.62,,
ESTAT:TPS00207(1.0),04/11/24 23:00:00,Annual,Euro per inhabitant,Current health care expenditure (CHE),Croatia,2020,962.91,,
ESTAT:TPS00207(1.0),04/11/24 23:00:00,Annual,Euro per inhabitant,Current health care expenditure (CHE),Croatia,2021,1195.09,,
ESTAT:TPS00207(1.0),04/11/24 23:00:00,Annual,Euro per inhabitant,Current health care expenditure (CHE),Croatia,2022,1279.15,,
ESTAT:TPS00207(1.0),04/11/24 23:00:00,Annual,Euro per inhabitant,Current health care expenditure (CHE),Hungary,2012,748.86,,
ESTAT:TPS00207(1.0),04/11/24 23:00:00,Annual,Euro per inhabitant,Current health care expenditure (CHE),Hungary,2013,747.64,,
ESTAT:TPS00207(1.0),04/11/24 23:00:00,Annual,Euro per inhabitant,Current health care expenditure (CHE),Hungary,2014,758.94,,
ESTAT:TPS00207(1.0),04/11/24 23:00:00,Annual,Euro per inhabitant,Current health care expenditure (CHE),Hungary,2015,785.40,,
ESTAT:TPS00207(1.0),04/11/24 23:00:00,Annual,Euro per inhabitant,Current health care expenditure (CHE),Hungary,2016,827.76,,
ESTAT:TPS00207(1.0),04/11/24 23:00:00,Annual,Euro per inhabitant,Current health care expenditure (CHE),Hungary,2017,875.20,,
ESTAT:TPS00207(1.0),04/11/24 23:00:00,Annual,Euro per inhabitant,Current health care expenditure (CHE),Hungary,2018,915.78,,
ESTAT:TPS00207(1.0),04/11/24 23:00:00,Annual,Euro per inhabitant,Current health care expenditure (CHE),Hungary,2019,942.17,,
ESTAT:TPS00207(1.0),04/11/24 23:00:00,Annual,Euro per inhabitant,Current health care expenditure (CHE),Hungary,2020,1031.55,,
ESTAT:TPS00207(1.0),04/11/24 23:00:00,Annual,Euro per inhabitant,Current health care expenditure (CHE),Hungary,2021,1170.72,,
ESTAT:TPS00207(1.0),04/11/24 23:00:00,Annual,Euro per inhabitant,Current health care expenditure (CHE),Hungary,2022,1171.33,,
ESTAT:TPS00207(1.0),04/11/24 23:00:00,Annual,Euro per inhabitant,Current health care expenditure (CHE),Ireland,2012,4046.39,,
ESTAT:TPS00207(1.0),04/11/24 23:00:00,Annual,Euro per inhabitant,Current health care expenditure (CHE),Ireland,2013,3988.79,,
ESTAT:TPS00207(1.0),04/11/24 23:00:00,Annual,Euro per inhabitant,Current health care expenditure (CHE),Ireland,2014,3984.62,,
ESTAT:TPS00207(1.0),04/11/24 23:00:00,Annual,Euro per inhabitant,Current health care expenditure (CHE),Ireland,2015,4102.94,,
ESTAT:TPS00207(1.0),04/11/24 23:00:00,Annual,Euro per inhabitant,Current health care expenditure (CHE),Ireland,2016,4243.77,,
ESTAT:TPS00207(1.0),04/11/24 23:00:00,Annual,Euro per inhabitant,Current health care expenditure (CHE),Ireland,2017,4413.28,,
ESTAT:TPS00207(1.0),04/11/24 23:00:00,Annual,Euro per inhabitant,Current health care expenditure (CHE),Ireland,2018,4614.55,,
ESTAT:TPS00207(1.0),04/11/24 23:00:00,Annual,Euro per inhabitant,Current health care expenditure (CHE),Ireland,2019,4849.96,,
ESTAT:TPS00207(1.0),04/11/24 23:00:00,Annual,Euro per inhabitant,Current health care expenditure (CHE),Ireland,2020,5316.64,,
ESTAT:TPS00207(1.0),04/11/24 23:00:00,Annual,Euro per inhabitant,Current health care expenditure (CHE),Ireland,2021,5688.64,,
ESTAT:TPS00207(1.0),04/11/24 23:00:00,Annual,Euro per inhabitant,Current health care expenditure (CHE),Ireland,2022,5997.91,,
ESTAT:TPS00207(1.0),04/11/24 23:00:00,Annual,Euro per inhabitant,Current health care expenditure (CHE),Iceland,2012,2946.21,,
ESTAT:TPS00207(1.0),04/11/24 23:00:00,Annual,Euro per inhabitant,Current health care expenditure (CHE),Iceland,2013,3082.85,,
ESTAT:TPS00207(1.0),04/11/24 23:00:00,Annual,Euro per inhabitant,Current health care expenditure (CHE),Iceland,2014,3411.67,,
ESTAT:TPS00207(1.0),04/11/24 23:00:00,Annual,Euro per inhabitant,Current health care expenditure (CHE),Iceland,2015,3882.38,,
ESTAT:TPS00207(1.0),04/11/24 23:00:00,Annual,Euro per inhabitant,Current health care expenditure (CHE),Iceland,2016,4571.96,,
ESTAT:TPS00207(1.0),04/11/24 23:00:00,Annual,Euro per inhabitant,Current health care expenditure (CHE),Iceland,2017,5313.04,,
ESTAT:TPS00207(1.0),04/11/24 23:00:00,Annual,Euro per inhabitant,Current health care expenditure (CHE),Iceland,2018,5320.09,,
ESTAT:TPS00207(1.0),04/11/24 23:00:00,Annual,Euro per inhabitant,Current health care expenditure (CHE),Iceland,2019,5282.10,,
ESTAT:TPS00207(1.0),04/11/24 23:00:00,Annual,Euro per inhabitant,Current health care expenditure (CHE),Iceland,2020,4989.06,,
ESTAT:TPS00207(1.0),04/11/24 23:00:00,Annual,Euro per inhabitant,Current health care expenditure (CHE),Iceland,2021,5687.35,,
ESTAT:TPS00207(1.0),04/11/24 23:00:00,Annual,Euro per inhabitant,Current health care expenditure (CHE),Iceland,2022,6488.26,,
ESTAT:TPS00207(1.0),04/11/24 23:00:00,Annual,Euro per inhabitant,Current health care expenditure (CHE),Italy,2012,2396.32,,
ESTAT:TPS00207(1.0),04/11/24 23:00:00,Annual,Euro per inhabitant,Current health care expenditure (CHE),Italy,2013,2349.61,,
ESTAT:TPS00207(1.0),04/11/24 23:00:00,Annual,Euro per inhabitant,Current health care expenditure (CHE),Italy,2014,2374.06,,
ESTAT:TPS00207(1.0),04/11/24 23:00:00,Annual,Euro per inhabitant,Current health care expenditure (CHE),Italy,2015,2414.15,,
ESTAT:TPS00207(1.0),04/11/24 23:00:00,Annual,Euro per inhabitant,Current health care expenditure (CHE),Italy,2016,2440.53,,
ESTAT:TPS00207(1.0),04/11/24 23:00:00,Annual,Euro per inhabitant,Current health care expenditure (CHE),Italy,2017,2489.35,,
ESTAT:TPS00207(1.0),04/11/24 23:00:00,Annual,Euro per inhabitant,Current health care expenditure (CHE),Italy,2018,2545.28,,
ESTAT:TPS00207(1.0),04/11/24 23:00:00,Annual,Euro per inhabitant,Current health care expenditure (CHE),Italy,2019,2603.82,b,
ESTAT:TPS00207(1.0),04/11/24 23:00:00,Annual,Euro per inhabitant,Current health care expenditure (CHE),Italy,2020,2690.03,,
ESTAT:TPS00207(1.0),04/11/24 23:00:00,Annual,Euro per inhabitant,Current health care expenditure (CHE),Italy,2021,2879.57,,
ESTAT:TPS00207(1.0),04/11/24 23:00:00,Annual,Euro per inhabitant,Current health care expenditure (CHE),Italy,2022,2977.60,,
ESTAT:TPS00207(1.0),04/11/24 23:00:00,Annual,Euro per inhabitant,Current health care expenditure (CHE),Liechtenstein,2013,7481.17,,
ESTAT:TPS00207(1.0),04/11/24 23:00:00,Annual,Euro per inhabitant,Current health care expenditure (CHE),Liechtenstein,2014,7598.39,,
ESTAT:TPS00207(1.0),04/11/24 23:00:00,Annual,Euro per inhabitant,Current health care expenditure (CHE),Liechtenstein,2015,8665.47,,
ESTAT:TPS00207(1.0),04/11/24 23:00:00,Annual,Euro per inhabitant,Current health care expenditure (CHE),Liechtenstein,2016,8747.41,,
ESTAT:TPS00207(1.0),04/11/24 23:00:00,Annual,Euro per inhabitant,Current health care expenditure (CHE),Liechtenstein,2017,8579.88,,
ESTAT:TPS00207(1.0),04/11/24 23:00:00,Annual,Euro per inhabitant,Current health care expenditure (CHE),Liechtenstein,2018,8217.96,,
ESTAT:TPS00207(1.0),04/11/24 23:00:00,Annual,Euro per inhabitant,Current health care expenditure (CHE),Liechtenstein,2019,8625.71,,
ESTAT:TPS00207(1.0),04/11/24 23:00:00,Annual,Euro per inhabitant,Current health care expenditure (CHE),Liechtenstein,2020,8745.02,,
ESTAT:TPS00207(1.0),04/11/24 23:00:00,Annual,Euro per inhabitant,Current health care expenditure (CHE),Liechtenstein,2021,9191.65,,
ESTAT:TPS00207(1.0),04/11/24 23:00:00,Annual,Euro per inhabitant,Current health care expenditure (CHE),Liechtenstein,2022,10021.03,,
ESTAT:TPS00207(1.0),04/11/24 23:00:00,Annual,Euro per inhabitant,Current health care expenditure (CHE),Lithuania,2012,701.81,,
ESTAT:TPS00207(1.0),04/11/24 23:00:00,Annual,Euro per inhabitant,Current health care expenditure (CHE),Lithuania,2013,725.74,,
ESTAT:TPS00207(1.0),04/11/24 23:00:00,Annual,Euro per inhabitant,Current health care expenditure (CHE),Lithuania,2014,772.61,,
ESTAT:TPS00207(1.0),04/11/24 23:00:00,Annual,Euro per inhabitant,Current health care expenditure (CHE),Lithuania,2015,834.41,,
ESTAT:TPS00207(1.0),04/11/24 23:00:00,Annual,Euro per inhabitant,Current health care expenditure (CHE),Lithuania,2016,899.98,,
ESTAT:TPS00207(1.0),04/11/24 23:00:00,Annual,Euro per inhabitant,Current health care expenditure (CHE),Lithuania,2017,966.21,,
ESTAT:TPS00207(1.0),04/11/24 23:00:00,Annual,Euro per inhabitant,Current health care expenditure (CHE),Lithuania,2018,1060.96,,
ESTAT:TPS00207(1.0),04/11/24 23:00:00,Annual,Euro per inhabitant,Current health care expenditure (CHE),Lithuania,2019,1223.82,,
ESTAT:TPS00207(1.0),04/11/24 23:00:00,Annual,Euro per inhabitant,Current health care expenditure (CHE),Lithuania,2020,1333.76,,
ESTAT:TPS00207(1.0),04/11/24 23:00:00,Annual,Euro per inhabitant,Current health care expenditure (CHE),Lithuania,2021,1564.72,,
ESTAT:TPS00207(1.0),04/11/24 23:00:00,Annual,Euro per inhabitant,Current health care expenditure (CHE),Lithuania,2022,1724.07,,
ESTAT:TPS00207(1.0),04/11/24 23:00:00,Annual,Euro per inhabitant,Current health care expenditure (CHE),Luxembourg,2012,4639.11,b,
ESTAT:TPS00207(1.0),04/11/24 23:00:00,Annual,Euro per inhabitant,Current health care expenditure (CHE),Luxembourg,2013,4730.53,,
ESTAT:TPS00207(1.0),04/11/24 23:00:00,Annual,Euro per inhabitant,Current health care expenditure (CHE),Luxembourg,2014,4869.32,,
ESTAT:TPS00207(1.0),04/11/24 23:00:00,Annual,Euro per inhabitant,Current health care expenditure (CHE),Luxembourg,2015,4829.75,,
ESTAT:TPS00207(1.0),04/11/24 23:00:00,Annual,Euro per inhabitant,Current health care expenditure (CHE),Luxembourg,2016,4897.36,,
ESTAT:TPS00207(1.0),04/11/24 23:00:00,Annual,Euro per inhabitant,Current health care expenditure (CHE),Luxembourg,2017,5009.21,,
ESTAT:TPS00207(1.0),04/11/24 23:00:00,Annual,Euro per inhabitant,Current health care expenditure (CHE),Luxembourg,2018,5221.36,,
ESTAT:TPS00207(1.0),04/11/24 23:00:00,Annual,Euro per inhabitant,Current health care expenditure (CHE),Luxembourg,2019,5502.99,,
ESTAT:TPS00207(1.0),04/11/24 23:00:00,Annual,Euro per inhabitant,Current health care expenditure (CHE),Luxembourg,2020,5900.44,,
ESTAT:TPS00207(1.0),04/11/24 23:00:00,Annual,Euro per inhabitant,Current health care expenditure (CHE),Luxembourg,2021,6399.52,,
ESTAT:TPS00207(1.0),04/11/24 23:00:00,Annual,Euro per inhabitant,Current health care expenditure (CHE),Luxembourg,2022,6590.17,,
ESTAT:TPS00207(1.0),04/11/24 23:00:00,Annual,Euro per inhabitant,Current health care expenditure (CHE),Latvia,2013,612.48,,
ESTAT:TPS00207(1.0),04/11/24 23:00:00,Annual,Euro per inhabitant,Current health care expenditure (CHE),Latvia,2014,647.40,,
ESTAT:TPS00207(1.0),04/11/24 23:00:00,Annual,Euro per inhabitant,Current health care expenditure (CHE),Latvia,2015,702.31,,
ESTAT:TPS00207(1.0),04/11/24 23:00:00,Annual,Euro per inhabitant,Current health care expenditure (CHE),Latvia,2016,794.11,,
ESTAT:TPS00207(1.0),04/11/24 23:00:00,Annual,Euro per inhabitant,Current health care expenditure (CHE),Latvia,2017,828.80,,
ESTAT:TPS00207(1.0),04/11/24 23:00:00,Annual,Euro per inhabitant,Current health care expenditure (CHE),Latvia,2018,936.20,,
ESTAT:TPS00207(1.0),04/11/24 23:00:00,Annual,Euro per inhabitant,Current health care expenditure (CHE),Latvia,2019,1060.24,,
ESTAT:TPS00207(1.0),04/11/24 23:00:00,Annual,Euro per inhabitant,Current health care expenditure (CHE),Latvia,2020,1154.22,,
ESTAT:TPS00207(1.0),04/11/24 23:00:00,Annual,Euro per inhabitant,Current health care expenditure (CHE),Latvia,2021,1612.14,,
ESTAT:TPS00207(1.0),04/11/24 23:00:00,Annual,Euro per inhabitant,Current health care expenditure (CHE),Latvia,2022,1556.72,,
ESTAT:TPS00207(1.0),04/11/24 23:00:00,Annual,Euro per inhabitant,Current health care expenditure (CHE),Moldova,2022,375.54,,
ESTAT:TPS00207(1.0),04/11/24 23:00:00,Annual,Euro per inhabitant,Current health care expenditure (CHE),Malta,2014,1829.54,,
ESTAT:TPS00207(1.0),04/11/24 23:00:00,Annual,Euro per inhabitant,Current health care expenditure (CHE),Malta,2015,1998.56,,
ESTAT:TPS00207(1.0),04/11/24 23:00:00,Annual,Euro per inhabitant,Current health care expenditure (CHE),Malta,2016,2075.55,,
ESTAT:TPS00207(1.0),04/11/24 23:00:00,Annual,Euro per inhabitant,Current health care expenditure (CHE),Malta,2017,2226.88,,
ESTAT:TPS00207(1.0),04/11/24 23:00:00,Annual,Euro per inhabitant,Current health care expenditure (CHE),Malta,2018,2289.79,,
ESTAT:TPS00207(1.0),04/11/24 23:00:00,Annual,Euro per inhabitant,Current health care expenditure (CHE),Malta,2019,2574.76,,
ESTAT:TPS00207(1.0),04/11/24 23:00:00,Annual,Euro per inhabitant,Current health care expenditure (CHE),Malta,2020,2747.22,p,
ESTAT:TPS00207(1.0),04/11/24 23:00:00,Annual,Euro per inhabitant,Current health care expenditure (CHE),Malta,2021,3064.16,p,
ESTAT:TPS00207(1.0),04/11/24 23:00:00,Annual,Euro per inhabitant,Current health care expenditure (CHE),Malta,2022,3124.93,,
ESTAT:TPS00207(1.0),04/11/24 23:00:00,Annual,Euro per inhabitant,Current health care expenditure (CHE),Netherlands,2012,4107.20,,
ESTAT:TPS00207(1.0),04/11/24 23:00:00,Annual,Euro per inhabitant,Current health care expenditure (CHE),Netherlands,2013,4159.68,,
ESTAT:TPS00207(1.0),04/11/24 23:00:00,Annual,Euro per inhabitant,Current health care expenditure (CHE),Netherlands,2014,4207.77,,
ESTAT:TPS00207(1.0),04/11/24 23:00:00,Annual,Euro per inhabitant,Current health care expenditure (CHE),Netherlands,2015,4205.21,,
ESTAT:TPS00207(1.0),04/11/24 23:00:00,Annual,Euro per inhabitant,Current health care expenditure (CHE),Netherlands,2016,4281.66,,
ESTAT:TPS00207(1.0),04/11/24 23:00:00,Annual,Euro per inhabitant,Current health care expenditure (CHE),Netherlands,2017,4355.42,,
ESTAT:TPS00207(1.0),04/11/24 23:00:00,Annual,Euro per inhabitant,Current health care expenditure (CHE),Netherlands,2018,4500.62,,
ESTAT:TPS00207(1.0),04/11/24 23:00:00,Annual,Euro per inhabitant,Current health care expenditure (CHE),Netherlands,2019,4753.39,,
ESTAT:TPS00207(1.0),04/11/24 23:00:00,Annual,Euro per inhabitant,Current health care expenditure (CHE),Netherlands,2020,5125.65,,
ESTAT:TPS00207(1.0),04/11/24 23:00:00,Annual,Euro per inhabitant,Current health care expenditure (CHE),Netherlands,2021,5523.97,,
ESTAT:TPS00207(1.0),04/11/24 23:00:00,Annual,Euro per inhabitant,Current health care expenditure (CHE),Netherlands,2022,5469.75,,
ESTAT:TPS00207(1.0),04/11/24 23:00:00,Annual,Euro per inhabitant,Current health care expenditure (CHE),Norway,2012,6935.51,,
ESTAT:TPS00207(1.0),04/11/24 23:00:00,Annual,Euro per inhabitant,Current health care expenditure (CHE),Norway,2013,6915.78,,
ESTAT:TPS00207(1.0),04/11/24 23:00:00,Annual,Euro per inhabitant,Current health care expenditure (CHE),Norway,2014,6838.71,,
ESTAT:TPS00207(1.0),04/11/24 23:00:00,Annual,Euro per inhabitant,Current health care expenditure (CHE),Norway,2015,6787.99,,
ESTAT:TPS00207(1.0),04/11/24 23:00:00,Annual,Euro per inhabitant,Current health care expenditure (CHE),Norway,2016,6747.31,,
ESTAT:TPS00207(1.0),04/11/24 23:00:00,Annual,Euro per inhabitant,Current health care expenditure (CHE),Norway,2017,6906.95,,
ESTAT:TPS00207(1.0),04/11/24 23:00:00,Annual,Euro per inhabitant,Current health care expenditure (CHE),Norway,2018,6987.71,,
ESTAT:TPS00207(1.0),04/11/24 23:00:00,Annual,Euro per inhabitant,Current health care expenditure (CHE),Norway,2019,7126.65,,
ESTAT:TPS00207(1.0),04/11/24 23:00:00,Annual,Euro per inhabitant,Current health care expenditure (CHE),Norway,2020,6855.67,,
ESTAT:TPS00207(1.0),04/11/24 23:00:00,Annual,Euro per inhabitant,Current health care expenditure (CHE),Norway,2021,7720.39,,
ESTAT:TPS00207(1.0),04/11/24 23:00:00,Annual,Euro per inhabitant,Current health care expenditure (CHE),Norway,2022,8224.02,p,
ESTAT:TPS00207(1.0),04/11/24 23:00:00,Annual,Euro per inhabitant,Current health care expenditure (CHE),Poland,2013,661.57,,
ESTAT:TPS00207(1.0),04/11/24 23:00:00,Annual,Euro per inhabitant,Current health care expenditure (CHE),Poland,2014,675.61,,
ESTAT:TPS00207(1.0),04/11/24 23:00:00,Annual,Euro per inhabitant,Current health care expenditure (CHE),Poland,2015,718.15,,
ESTAT:TPS00207(1.0),04/11/24 23:00:00,Annual,Euro per inhabitant,Current health care expenditure (CHE),Poland,2016,731.01,,
ESTAT:TPS00207(1.0),04/11/24 23:00:00,Annual,Euro per inhabitant,Current health care expenditure (CHE),Poland,2017,807.48,,
ESTAT:TPS00207(1.0),04/11/24 23:00:00,Annual,Euro per inhabitant,Current health care expenditure (CHE),Poland,2018,829.54,,
ESTAT:TPS00207(1.0),04/11/24 23:00:00,Annual,Euro per inhabitant,Current health care expenditure (CHE),Poland,2019,906.09,,
ESTAT:TPS00207(1.0),04/11/24 23:00:00,Annual,Euro per inhabitant,Current health care expenditure (CHE),Poland,2020,901.94,p,
ESTAT:TPS00207(1.0),04/11/24 23:00:00,Annual,Euro per inhabitant,Current health care expenditure (CHE),Poland,2021,1003.50,p,
ESTAT:TPS00207(1.0),04/11/24 23:00:00,Annual,Euro per inhabitant,Current health care expenditure (CHE),Poland,2022,1137.09,p,
ESTAT:TPS00207(1.0),04/11/24 23:00:00,Annual,Euro per inhabitant,Current health care expenditure (CHE),Portugal,2012,1545.16,,
ESTAT:TPS00207(1.0),04/11/24 23:00:00,Annual,Euro per inhabitant,Current health care expenditure (CHE),Portugal,2013,1533.34,,
ESTAT:TPS00207(1.0),04/11/24 23:00:00,Annual,Euro per inhabitant,Current health care expenditure (CHE),Portugal,2014,1554.48,,
ESTAT:TPS00207(1.0),04/11/24 23:00:00,Annual,Euro per inhabitant,Current health care expenditure (CHE),Portugal,2015,1616.41,,
ESTAT:TPS00207(1.0),04/11/24 23:00:00,Annual,Euro per inhabitant,Current health care expenditure (CHE),Portugal,2016,1696.74,,
ESTAT:TPS00207(1.0),04/11/24 23:00:00,Annual,Euro per inhabitant,Current health care expenditure (CHE),Portugal,2017,1770.29,,
ESTAT:TPS00207(1.0),04/11/24 23:00:00,Annual,Euro per inhabitant,Current health care expenditure (CHE),Portugal,2018,1878.02,,
ESTAT:TPS00207(1.0),04/11/24 23:00:00,Annual,Euro per inhabitant,Current health care expenditure (CHE),Portugal,2019,1982.76,,
ESTAT:TPS00207(1.0),04/11/24 23:00:00,Annual,Euro per inhabitant,Current health care expenditure (CHE),Portugal,2020,2053.99,,
ESTAT:TPS00207(1.0),04/11/24 23:00:00,Annual,Euro per inhabitant,Current health care expenditure (CHE),Portugal,2021,2319.38,,
ESTAT:TPS00207(1.0),04/11/24 23:00:00,Annual,Euro per inhabitant,Current health care expenditure (CHE),Portugal,2022,2437.17,,
ESTAT:TPS00207(1.0),04/11/24 23:00:00,Annual,Euro per inhabitant,Current health care expenditure (CHE),Romania,2012,313.18,,
ESTAT:TPS00207(1.0),04/11/24 23:00:00,Annual,Euro per inhabitant,Current health care expenditure (CHE),Romania,2013,373.66,,
ESTAT:TPS00207(1.0),04/11/24 23:00:00,Annual,Euro per inhabitant,Current health care expenditure (CHE),Romania,2014,380.14,,
ESTAT:TPS00207(1.0),04/11/24 23:00:00,Annual,Euro per inhabitant,Current health care expenditure (CHE),Romania,2015,399.83,,
ESTAT:TPS00207(1.0),04/11/24 23:00:00,Annual,Euro per inhabitant,Current health care expenditure (CHE),Romania,2016,431.88,,
ESTAT:TPS00207(1.0),04/11/24 23:00:00,Annual,Euro per inhabitant,Current health care expenditure (CHE),Romania,2017,493.75,,
ESTAT:TPS00207(1.0),04/11/24 23:00:00,Annual,Euro per inhabitant,Current health care expenditure (CHE),Romania,2018,583.91,,
ESTAT:TPS00207(1.0),04/11/24 23:00:00,Annual,Euro per inhabitant,Current health care expenditure (CHE),Romania,2019,661.28,,
ESTAT:TPS00207(1.0),04/11/24 23:00:00,Annual,Euro per inhabitant,Current health care expenditure (CHE),Romania,2020,712.57,,
ESTAT:TPS00207(1.0),04/11/24 23:00:00,Annual,Euro per inhabitant,Current health care expenditure (CHE),Romania,2021,817.47,,
ESTAT:TPS00207(1.0),04/11/24 23:00:00,Annual,Euro per inhabitant,Current health care expenditure (CHE),Romania,2022,857.66,,
ESTAT:TPS00207(1.0),04/11/24 23:00:00,Annual,Euro per inhabitant,Current health care expenditure (CHE),Serbia,2021,781.29,p,
ESTAT:TPS00207(1.0),04/11/24 23:00:00,Annual,Euro per inhabitant,Current health care expenditure (CHE),Serbia,2022,868.51,p,
ESTAT:TPS00207(1.0),04/11/24 23:00:00,Annual,Euro per inhabitant,Current health care expenditure (CHE),Sweden,2012,4849.60,,
ESTAT:TPS00207(1.0),04/11/24 23:00:00,Annual,Euro per inhabitant,Current health care expenditure (CHE),Sweden,2013,5018.91,,
ESTAT:TPS00207(1.0),04/11/24 23:00:00,Annual,Euro per inhabitant,Current health care expenditure (CHE),Sweden,2014,4954.90,,
ESTAT:TPS00207(1.0),04/11/24 23:00:00,Annual,Euro per inhabitant,Current health care expenditure (CHE),Sweden,2015,5022.10,,
ESTAT:TPS00207(1.0),04/11/24 23:00:00,Annual,Euro per inhabitant,Current health care expenditure (CHE),Sweden,2016,5099.33,,
ESTAT:TPS00207(1.0),04/11/24 23:00:00,Annual,Euro per inhabitant,Current health care expenditure (CHE),Sweden,2017,5147.42,,
ESTAT:TPS00207(1.0),04/11/24 23:00:00,Annual,Euro per inhabitant,Current health care expenditure (CHE),Sweden,2018,5060.99,,
ESTAT:TPS00207(1.0),04/11/24 23:00:00,Annual,Euro per inhabitant,Current health care expenditure (CHE),Sweden,2019,5025.41,,
ESTAT:TPS00207(1.0),04/11/24 23:00:00,Annual,Euro per inhabitant,Current health care expenditure (CHE),Sweden,2020,5260.21,,
ESTAT:TPS00207(1.0),04/11/24 23:00:00,Annual,Euro per inhabitant,Current health care expenditure (CHE),Sweden,2021,5763.47,,
ESTAT:TPS00207(1.0),04/11/24 23:00:00,Annual,Euro per inhabitant,Current health care expenditure (CHE),Sweden,2022,5636.55,,
ESTAT:TPS00207(1.0),04/11/24 23:00:00,Annual,Euro per inhabitant,Current health care expenditure (CHE),Slovenia,2014,1551.74,,
ESTAT:TPS00207(1.0),04/11/24 23:00:00,Annual,Euro per inhabitant,Current health care expenditure (CHE),Slovenia,2015,1603.66,,
ESTAT:TPS00207(1.0),04/11/24 23:00:00,Annual,Euro per inhabitant,Current health care expenditure (CHE),Slovenia,2016,1660.39,,
ESTAT:TPS00207(1.0),04/11/24 23:00:00,Annual,Euro per inhabitant,Current health care expenditure (CHE),Slovenia,2017,1703.65,,
ESTAT:TPS00207(1.0),04/11/24 23:00:00,Annual,Euro per inhabitant,Current health care expenditure (CHE),Slovenia,2018,1830.93,,
ESTAT:TPS00207(1.0),04/11/24 23:00:00,Annual,Euro per inhabitant,Current health care expenditure (CHE),Slovenia,2019,1975.17,,
ESTAT:TPS00207(1.0),04/11/24 23:00:00,Annual,Euro per inhabitant,Current health care expenditure (CHE),Slovenia,2020,2109.68,,
ESTAT:TPS00207(1.0),04/11/24 23:00:00,Annual,Euro per inhabitant,Current health care expenditure (CHE),Slovenia,2021,2351.11,,
ESTAT:TPS00207(1.0),04/11/24 23:00:00,Annual,Euro per inhabitant,Current health care expenditure (CHE),Slovenia,2022,2593.90,,
ESTAT:TPS00207(1.0),04/11/24 23:00:00,Annual,Euro per inhabitant,Current health care expenditure (CHE),Slovakia,2012,1026.35,,
ESTAT:TPS00207(1.0),04/11/24 23:00:00,Annual,Euro per inhabitant,Current health care expenditure (CHE),Slovakia,2013,1031.40,,
ESTAT:TPS00207(1.0),04/11/24 23:00:00,Annual,Euro per inhabitant,Current health care expenditure (CHE),Slovakia,2014,970.05,,
ESTAT:TPS00207(1.0),04/11/24 23:00:00,Annual,Euro per inhabitant,Current health care expenditure (CHE),Slovakia,2015,998.98,,
ESTAT:TPS00207(1.0),04/11/24 23:00:00,Annual,Euro per inhabitant,Current health care expenditure (CHE),Slovakia,2016,1043.40,,
ESTAT:TPS00207(1.0),04/11/24 23:00:00,Annual,Euro per inhabitant,Current health care expenditure (CHE),Slovakia,2017,1051.83,,
ESTAT:TPS00207(1.0),04/11/24 23:00:00,Annual,Euro per inhabitant,Current health care expenditure (CHE),Slovakia,2018,1099.99,,
ESTAT:TPS00207(1.0),04/11/24 23:00:00,Annual,Euro per inhabitant,Current health care expenditure (CHE),Slovakia,2019,1198.03,,
ESTAT:TPS00207(1.0),04/11/24 23:00:00,Annual,Euro per inhabitant,Current health care expenditure (CHE),Slovakia,2020,1219.91,,
ESTAT:TPS00207(1.0),04/11/24 23:00:00,Annual,Euro per inhabitant,Current health care expenditure (CHE),Slovakia,2021,1427.52,,
ESTAT:TPS00207(1.0),04/11/24 23:00:00,Annual,Euro per inhabitant,Current health care expenditure (CHE),Slovakia,2022,1560.50,,
ESTAT:TPS00207(1.0),04/11/24 23:00:00,Annual,Euro per inhabitant,Current health care expenditure (CHE),United Kingdom,2013,3261.02,,
ESTAT:TPS00207(1.0),04/11/24 23:00:00,Annual,Euro per inhabitant,Current health care expenditure (CHE),United Kingdom,2014,3559.66,,
ESTAT:TPS00207(1.0),04/11/24 23:00:00,Annual,Euro per inhabitant,Current health care expenditure (CHE),United Kingdom,2015,4021.21,,
ESTAT:TPS00207(1.0),04/11/24 23:00:00,Annual,Euro per inhabitant,Current health care expenditure (CHE),United Kingdom,2016,3662.83,,
ESTAT:TPS00207(1.0),04/11/24 23:00:00,Annual,Euro per inhabitant,Current health care expenditure (CHE),United Kingdom,2017,3503.62,,
ESTAT:TPS00207(1.0),04/11/24 23:00:00,Annual,Euro per inhabitant,Current health care expenditure (CHE),United Kingdom,2018,3607.59,,
ESTAT:TPS00207(1.0),04/11/24 23:00:00,Annual,Euro per inhabitant,Current health care expenditure (CHE),United Kingdom,2019,3838.53,,
