DATAFLOW,LAST UPDATE,freq,unit,sex,age,geo,TIME_PERIOD,OBS_VALUE,OBS_FLAG,CONF_STATUS
ESTAT:DEMO_MLEXPEC(1.0),14/03/25 11:00:00,Annual,Year,Total,Less than 1 year,Albania,2014,78.2,,
ESTAT:DEMO_MLEXPEC(1.0),14/03/25 11:00:00,Annual,Year,Total,Less than 1 year,Albania,2015,77.9,,
ESTAT:DEMO_MLEXPEC(1.0),14/03/25 11:00:00,Annual,Year,Total,Less than 1 year,Albania,2016,78.5,,
ESTAT:DEMO_MLEXPEC(1.0),14/03/25 11:00:00,Annual,Year,Total,Less than 1 year,Albania,2017,78.5,,
ESTAT:DEMO_MLEXPEC(1.0),14/03/25 11:00:00,Annual,Year,Total,Less than 1 year,Albania,2018,78.9,,
ESTAT:DEMO_MLEXPEC(1.0),14/03/25 11:00:00,Annual,Year,Total,Less than 1 year,Albania,2019,79.1,,
ESTAT:DEMO_MLEXPEC(1.0),14/03/25 11:00:00,Annual,Year,Total,Less than 1 year,Albania,2020,77.4,,
ESTAT:DEMO_MLEXPEC(1.0),14/03/25 11:00:00,Annual,Year,Total,Less than 1 year,Albania,2021,75.5,,
ESTAT:DEMO_MLEXPEC(1.0),14/03/25 11:00:00,Annual,Year,Total,Less than 1 year,Albania,2022,79.1,,
ESTAT:DEMO_MLEXPEC(1.0),14/03/25 11:00:00,Annual,Year,Total,Less than 1 year,Armenia,2015,75.1,,
ESTAT:DEMO_MLEXPEC(1.0),14/03/25 11:00:00,Annual,Year,Total,Less than 1 year,Armenia,2016,75.1,,
ESTAT:DEMO_MLEXPEC(1.0),14/03/25 11:00:00,Annual,Year,Total,Less than 1 year,Armenia,2017,75.8,,
ESTAT:DEMO_MLEXPEC(1.0),14/03/25 11:00:00,Annual,Year,Total,Less than 1 year,Armenia,2018,76.7,,
ESTAT:DEMO_MLEXPEC(1.0),14/03/25 11:00:00,Annual,Year,Total,Less than 1 year,Armenia,2019,76.6,,
ESTAT:DEMO_MLEXPEC(1.0),14/03/25 11:00:00,Annual,Year,Total,Less than 1 year,Austria,2014,81.6,,
ESTAT:DEMO_MLEXPEC(1.0),14/03/25 11:00:00,Annual,Year,Total,Less than 1 year,Austria,2015,81.3,,
ESTAT:DEMO_MLEXPEC(1.0),14/03/25 11:00:00,Annual,Year,Total,Less than 1 year,Austria,2016,81.8,,
ESTAT:DEMO_MLEXPEC(1.0),14/03/25 11:00:00,Annual,Year,Total,Less than 1 year,Austria,2017,81.7,,
ESTAT:DEMO_MLEXPEC(1.0),14/03/25 11:00:00,Annual,Year,Total,Less than 1 year,Austria,2018,81.8,,
ESTAT:DEMO_MLEXPEC(1.0),14/03/25 11:00:00,Annual,Year,Total,Less than 1 year,Austria,2019,82.0,,
ESTAT:DEMO_MLEXPEC(1.0),14/03/25 11:00:00,Annual,Year,Total,Less than 1 year,Austria,2020,81.3,,
ESTAT:DEMO_MLEXPEC(1.0),14/03/25 11:00:00,Annual,Year,Total,Less than 1 year,Austria,2021,81.3,,
ESTAT:DEMO_MLEXPEC(1.0),14/03/25 11:00:00,Annual,Year,Total,Less than 1 year,Austria,2022,81.4,,
ESTAT:DEMO_MLEXPEC(1.0),14/03/25 11:00:00,Annual,Year,Total,Less than 1 year,Austria,2023,81.9,,
ESTAT:DEMO_MLEXPEC(1.0),14/03/25 11:00:00,Annual,Year,Total,Less than 1 year,Azerbaijan,2014,74.8,,
ESTAT:DEMO_MLEXPEC(1.0),14/03/25 11:00:00,Annual,Year,Total,Less than 1 year,Azerbaijan,2015,75.3,,
ESTAT:DEMO_MLEXPEC(1.0),14/03/25 11:00:00,Annual,Year,Total,Less than 1 year,Azerbaijan,2017,75.6,,
ESTAT:DEMO_MLEXPEC(1.0),14/03/25 11:00:00,Annual,Year,Total,Less than 1 year,Azerbaijan,2018,76.0,,
ESTAT:DEMO_MLEXPEC(1.0),14/03/25 11:00:00,Annual,Year,Total,Less than 1 year,Azerbaijan,2019,76.6,,
ESTAT:DEMO_MLEXPEC(1.0),14/03/25 11:00:00,Annual,Year,Total,Less than 1 year,Belgium,2014,81.4,,
ESTAT:DEMO_MLEXPEC(1.0),14/03/25 11:00:00,Annual,Year,Total,Less than 1 year,Belgium,2015,81.1,,
ESTAT:DEMO_MLEXPEC(1.0),14/03/25 11:00:00,Annual,Year,Total,Less than 1 year,Belgium,2016,81.5,,
ESTAT:DEMO_MLEXPEC(1.0),14/03/25 11:00:00,Annual,Year,Total,Less than 1 year,Belgium,2017,81.6,,
ESTAT:DEMO_MLEXPEC(1.0),14/03/25 11:00:00,Annual,Year,Total,Less than 1 year,Belgium,2018,81.7,,
ESTAT:DEMO_MLEXPEC(1.0),14/03/25 11:00:00,Annual,Year,Total,Less than 1 year,Belgium,2019,82.1,,
ESTAT:DEMO_MLEXPEC(1.0),14/03/25 11:00:00,Annual,Year,Total,Less than 1 year,Belgium,2020,80.8,,
ESTAT:DEMO_MLEXPEC(1.0),14/03/25 11:00:00,Annual,Year,Total,Less than 1 year,Belgium,2021,81.9,,
ESTAT:DEMO_MLEXPEC(1.0),14/03/25 11:00:00,Annual,Year,Total,Less than 1 year,Belgium,2022,81.8,,
ESTAT:DEMO_MLEXPEC(1.0),14/03/25 11:00:00,Annual,Year,Total,Less than 1 year,Belgium,2023,82.5,,
ESTAT:DEMO_MLEXPEC(1.0),14/03/25 11:00:00,Annual,Year,Total,Less than 1 year,Bulgaria,2014,74.5,,
ESTAT:DEMO_MLEXPEC(1.0),14/03/25 11:00:00,Annual,Year,Total,Less than 1 year,Bulgaria,2015,74.7,,
ESTAT:DEMO_MLEXPEC(1.0),14/03/25 11:00:00,Annual,Year,Total,Less than 1 year,Bulgaria,2016,74.9,,
ESTAT:DEMO_MLEXPEC(1.0),14/03/25 11:00:00,Annual,Year,Total,Less than 1 year,Bulgaria,2017,74.8,,
ESTAT:DEMO_MLEXPEC(1.0),14/03/25 11:00:00,Annual,Year,Total,Less than 1 year,Bulgaria,2018,75.0,,
ESTAT:DEMO_MLEXPEC(1.0),14/03/25 11:00:00,Annual,Year,Total,Less than 1 year,Bulgaria,2019,75.1,,
ESTAT:DEMO_MLEXPEC(1.0),14/03/25 11:00:00,Annual,Year,Total,Less than 1 year,Bulgaria,2020,73.3,,
ESTAT:DEMO_MLEXPEC(1.0),14/03/25 11:00:00,Annual,Year,Total,Less than 1 year,Bulgaria,2021,71.2,,
ESTAT:DEMO_MLEXPEC(1.0),14/03/25 11:00:00,Annual,Year,Total,Less than 1 year,Bulgaria,2022,74.2,b,
ESTAT:DEMO_MLEXPEC(1.0),14/03/25 11:00:00,Annual,Year,Total,Less than 1 year,Bulgaria,2023,75.8,,
ESTAT:DEMO_MLEXPEC(1.0),14/03/25 11:00:00,Annual,Year,Total,Less than 1 year,Belarus,2014,73.3,,
ESTAT:DEMO_MLEXPEC(1.0),14/03/25 11:00:00,Annual,Year,Total,Less than 1 year,Belarus,2015,74.0,,
ESTAT:DEMO_MLEXPEC(1.0),14/03/25 11:00:00,Annual,Year,Total,Less than 1 year,Belarus,2016,74.2,,
ESTAT:DEMO_MLEXPEC(1.0),14/03/25 11:00:00,Annual,Year,Total,Less than 1 year,Belarus,2017,74.5,,
ESTAT:DEMO_MLEXPEC(1.0),14/03/25 11:00:00,Annual,Year,Total,Less than 1 year,Belarus,2018,74.5,,
ESTAT:DEMO_MLEXPEC(1.0),14/03/25 11:00:00,Annual,Year,Total,Less than 1 year,Switzerland,2014,83.3,,
ESTAT:DEMO_MLEXPEC(1.0),14/03/25 11:00:00,Annual,Year,Total,Less than 1 year,Switzerland,2015,83.0,,
ESTAT:DEMO_MLEXPEC(1.0),14/03/25 11:00:00,Annual,Year,Total,Less than 1 year,Switzerland,2016,83.7,,
ESTAT:DEMO_MLEXPEC(1.0),14/03/25 11:00:00,Annual,Year,Total,Less than 1 year,Switzerland,2017,83.7,,
ESTAT:DEMO_MLEXPEC(1.0),14/03/25 11:00:00,Annual,Year,Total,Less than 1 year,Switzerland,2018,83.8,,
ESTAT:DEMO_MLEXPEC(1.0),14/03/25 11:00:00,Annual,Year,Total,Less than 1 year,Switzerland,2019,84.0,,
ESTAT:DEMO_MLEXPEC(1.0),14/03/25 11:00:00,Annual,Year,Total,Less than 1 year,Switzerland,2020,83.1,,
ESTAT:DEMO_MLEXPEC(1.0),14/03/25 11:00:00,Annual,Year,Total,Less than 1 year,Switzerland,2021,83.9,,
ESTAT:DEMO_MLEXPEC(1.0),14/03/25 11:00:00,Annual,Year,Total,Less than 1 year,Switzerland,2022,83.7,,
ESTAT:DEMO_MLEXPEC(1.0),14/03/25 11:00:00,Annual,Year,Total,Less than 1 year,Switzerland,2023,84.3,,
ESTAT:DEMO_MLEXPEC(1.0),14/03/25 11:00:00,Annual,Year,Total,Less than 1 year,Cyprus,2014,82.3,,
ESTAT:DEMO_MLEXPEC(1.0),14/03/25 11:00:00,Annual,Year,Total,Less than 1 year,Cyprus,2015,81.8,,
ESTAT:DEMO_MLEXPEC(1.0),14/03/25 11:00:00,Annual,Year,Total,Less than 1 year,Cyprus,2016,82.7,,
ESTAT:DEMO_MLEXPEC(1.0),14/03/25 11:00:00,Annual,Year,Total,Less than 1 year,Cyprus,2017,82.2,,
ESTAT:DEMO_MLEXPEC(1.0),14/03/25 11:00:00,Annual,Year,Total,Less than 1 year,Cyprus,2018,82.9,,
ESTAT:DEMO_MLEXPEC(1.0),14/03/25 11:00:00,Annual,Year,Total,Less than 1 year,Cyprus,2019,82.3,,
ESTAT:DEMO_MLEXPEC(1.0),14/03/25 11:00:00,Annual,Year,Total,Less than 1 year,Cyprus,2020,82.4,,
ESTAT:DEMO_MLEXPEC(1.0),14/03/25 11:00:00,Annual,Year,Total,Less than 1 year,Cyprus,2021,81.3,,
ESTAT:DEMO_MLEXPEC(1.0),14/03/25 11:00:00,Annual,Year,Total,Less than 1 year,Cyprus,2022,81.6,,
ESTAT:DEMO_MLEXPEC(1.0),14/03/25 11:00:00,Annual,Year,Total,Less than 1 year,Cyprus,2023,82.9,,
ESTAT:DEMO_MLEXPEC(1.0),14/03/25 11:00:00,Annual,Year,Total,Less than 1 year,Czechia,2014,78.9,,
ESTAT:DEMO_MLEXPEC(1.0),14/03/25 11:00:00,Annual,Year,Total,Less than 1 year,Czechia,2015,78.7,,
ESTAT:DEMO_MLEXPEC(1.0),14/03/25 11:00:00,Annual,Year,Total,Less than 1 year,Czechia,2016,79.1,,
ESTAT:DEMO_MLEXPEC(1.0),14/03/25 11:00:00,Annual,Year,Total,Less than 1 year,Czechia,2017,79.1,,
ESTAT:DEMO_MLEXPEC(1.0),14/03/25 11:00:00,Annual,Year,Total,Less than 1 year,Czechia,2018,79.1,,
ESTAT:DEMO_MLEXPEC(1.0),14/03/25 11:00:00,Annual,Year,Total,Less than 1 year,Czechia,2019,79.3,,
ESTAT:DEMO_MLEXPEC(1.0),14/03/25 11:00:00,Annual,Year,Total,Less than 1 year,Czechia,2020,78.3,,
ESTAT:DEMO_MLEXPEC(1.0),14/03/25 11:00:00,Annual,Year,Total,Less than 1 year,Czechia,2021,77.2,b,
ESTAT:DEMO_MLEXPEC(1.0),14/03/25 11:00:00,Annual,Year,Total,Less than 1 year,Czechia,2022,79.0,,
ESTAT:DEMO_MLEXPEC(1.0),14/03/25 11:00:00,Annual,Year,Total,Less than 1 year,Czechia,2023,79.9,,
ESTAT:DEMO_MLEXPEC(1.0),14/03/25 11:00:00,Annual,Year,Total,Less than 1 year,Germany,2014,81.2,,
ESTAT:DEMO_MLEXPEC(1.0),14/03/25 11:00:00,Annual,Year,Total,Less than 1 year,Germany,2015,80.7,,
ESTAT:DEMO_MLEXPEC(1.0),14/03/25 11:00:00,Annual,Year,Total,Less than 1 year,Germany,2016,81.0,,
ESTAT:DEMO_MLEXPEC(1.0),14/03/25 11:00:00,Annual,Year,Total,Less than 1 year,Germany,2017,81.1,,
ESTAT:DEMO_MLEXPEC(1.0),14/03/25 11:00:00,Annual,Year,Total,Less than 1 year,Germany,2018,81.0,,
ESTAT:DEMO_MLEXPEC(1.0),14/03/25 11:00:00,Annual,Year,Total,Less than 1 year,Germany,2019,81.3,,
ESTAT:DEMO_MLEXPEC(1.0),14/03/25 11:00:00,Annual,Year,Total,Less than 1 year,Germany,2020,81.1,,
ESTAT:DEMO_MLEXPEC(1.0),14/03/25 11:00:00,Annual,Year,Total,Less than 1 year,Germany,2021,80.8,,
ESTAT:DEMO_MLEXPEC(1.0),14/03/25 11:00:00,Annual,Year,Total,Less than 1 year,Germany,2022,80.7,,
ESTAT:DEMO_MLEXPEC(1.0),14/03/25 11:00:00,Annual,Year,Total,Less than 1 year,Germany,2023,81.1,b,
ESTAT:DEMO_MLEXPEC(1.0),14/03/25 11:00:00,Annual,Year,Total,Less than 1 year,Germany including former GDR,2014,81.2,,
ESTAT:DEMO_MLEXPEC(1.0),14/03/25 11:00:00,Annual,Year,Total,Less than 1 year,Germany including former GDR,2015,80.7,,
ESTAT:DEMO_MLEXPEC(1.0),14/03/25 11:00:00,Annual,Year,Total,Less than 1 year,Germany including former GDR,2016,81.0,,
ESTAT:DEMO_MLEXPEC(1.0),14/03/25 11:00:00,Annual,Year,Total,Less than 1 year,Germany including former GDR,2017,81.1,,
ESTAT:DEMO_MLEXPEC(1.0),14/03/25 11:00:00,Annual,Year,Total,Less than 1 year,Germany including former GDR,2018,81.0,,
ESTAT:DEMO_MLEXPEC(1.0),14/03/25 11:00:00,Annual,Year,Total,Less than 1 year,Germany including former GDR,2019,81.3,,
ESTAT:DEMO_MLEXPEC(1.0),14/03/25 11:00:00,Annual,Year,Total,Less than 1 year,Germany including former GDR,2020,81.1,,
ESTAT:DEMO_MLEXPEC(1.0),14/03/25 11:00:00,Annual,Year,Total,Less than 1 year,Germany including former GDR,2021,80.8,,
ESTAT:DEMO_MLEXPEC(1.0),14/03/25 11:00:00,Annual,Year,Total,Less than 1 year,Germany including former GDR,2022,80.7,,
ESTAT:DEMO_MLEXPEC(1.0),14/03/25 11:00:00,Annual,Year,Total,Less than 1 year,Germany including former GDR,2023,81.1,b,
ESTAT:DEMO_MLEXPEC(1.0),14/03/25 11:00:00,Annual,Year,Total,Less than 1 year,Denmark,2014,80.7,,
ESTAT:DEMO_MLEXPEC(1.0),14/03/25 11:00:00,Annual,Year,Total,Less than 1 year,Denmark,2015,80.8,,
ESTAT:DEMO_MLEXPEC(1.0),14/03/25 11:00:00,Annual,Year,Total,Less than 1 year,Denmark,2016,80.9,,
ESTAT:DEMO_MLEXPEC(1.0),14/03/25 11:00:00,Annual,Year,Total,Less than 1 year,Denmark,2017,81.1,,
ESTAT:DEMO_MLEXPEC(1.0),14/03/25 11:00:00,Annual,Year,Total,Less than 1 year,Denmark,2018,81.0,,
ESTAT:DEMO_MLEXPEC(1.0),14/03/25 11:00:00,Annual,Year,Total,Less than 1 year,Denmark,2019,81.5,,
ESTAT:DEMO_MLEXPEC(1.0),14/03/25 11:00:00,Annual,Year,Total,Less than 1 year,Denmark,2020,81.6,,
ESTAT:DEMO_MLEXPEC(1.0),14/03/25 11:00:00,Annual,Year,Total,Less than 1 year,Denmark,2021,81.5,,
ESTAT:DEMO_MLEXPEC(1.0),14/03/25 11:00:00,Annual,Year,Total,Less than 1 year,Denmark,2022,81.3,,
ESTAT:DEMO_MLEXPEC(1.0),14/03/25 11:00:00,Annual,Year,Total,Less than 1 year,Denmark,2023,81.8,,
ESTAT:DEMO_MLEXPEC(1.0),14/03/25 11:00:00,Annual,Year,Total,Less than 1 year,Euro area - 19 countries  (2015-2022),2014,82.0,b,
ESTAT:DEMO_MLEXPEC(1.0),14/03/25 11:00:00,Annual,Year,Total,Less than 1 year,Euro area - 19 countries  (2015-2022),2015,81.6,b,
ESTAT:DEMO_MLEXPEC(1.0),14/03/25 11:00:00,Annual,Year,Total,Less than 1 year,Euro area - 19 countries  (2015-2022),2016,82.0,,
ESTAT:DEMO_MLEXPEC(1.0),14/03/25 11:00:00,Annual,Year,Total,Less than 1 year,Euro area - 19 countries  (2015-2022),2017,82.0,b,
ESTAT:DEMO_MLEXPEC(1.0),14/03/25 11:00:00,Annual,Year,Total,Less than 1 year,Euro area - 19 countries  (2015-2022),2018,82.1,ep,
ESTAT:DEMO_MLEXPEC(1.0),14/03/25 11:00:00,Annual,Year,Total,Less than 1 year,Euro area - 19 countries  (2015-2022),2019,82.4,bep,
ESTAT:DEMO_MLEXPEC(1.0),14/03/25 11:00:00,Annual,Year,Total,Less than 1 year,Euro area - 19 countries  (2015-2022),2020,81.6,bp,
ESTAT:DEMO_MLEXPEC(1.0),14/03/25 11:00:00,Annual,Year,Total,Less than 1 year,Euro area - 19 countries  (2015-2022),2021,81.6,bp,
ESTAT:DEMO_MLEXPEC(1.0),14/03/25 11:00:00,Annual,Year,Total,Less than 1 year,Euro area - 19 countries  (2015-2022),2022,81.7,bp,
ESTAT:DEMO_MLEXPEC(1.0),14/03/25 11:00:00,Annual,Year,Total,Less than 1 year,Euro area - 19 countries  (2015-2022),2023,82.3,bp,
ESTAT:DEMO_MLEXPEC(1.0),14/03/25 11:00:00,Annual,Year,Total,Less than 1 year,Euro area – 20 countries (from 2023),2021,81.6,bp,
ESTAT:DEMO_MLEXPEC(1.0),14/03/25 11:00:00,Annual,Year,Total,Less than 1 year,Euro area – 20 countries (from 2023),2022,81.6,bp,
ESTAT:DEMO_MLEXPEC(1.0),14/03/25 11:00:00,Annual,Year,Total,Less than 1 year,Euro area – 20 countries (from 2023),2023,82.3,bp,
ESTAT:DEMO_MLEXPEC(1.0),14/03/25 11:00:00,Annual,Year,Total,Less than 1 year,Estonia,2014,77.4,,
ESTAT:DEMO_MLEXPEC(1.0),14/03/25 11:00:00,Annual,Year,Total,Less than 1 year,Estonia,2015,78.0,b,
ESTAT:DEMO_MLEXPEC(1.0),14/03/25 11:00:00,Annual,Year,Total,Less than 1 year,Estonia,2016,78.0,,
ESTAT:DEMO_MLEXPEC(1.0),14/03/25 11:00:00,Annual,Year,Total,Less than 1 year,Estonia,2017,78.4,,
ESTAT:DEMO_MLEXPEC(1.0),14/03/25 11:00:00,Annual,Year,Total,Less than 1 year,Estonia,2018,78.5,,
ESTAT:DEMO_MLEXPEC(1.0),14/03/25 11:00:00,Annual,Year,Total,Less than 1 year,Estonia,2019,79.0,,
ESTAT:DEMO_MLEXPEC(1.0),14/03/25 11:00:00,Annual,Year,Total,Less than 1 year,Estonia,2020,78.9,,
ESTAT:DEMO_MLEXPEC(1.0),14/03/25 11:00:00,Annual,Year,Total,Less than 1 year,Estonia,2021,77.2,,
ESTAT:DEMO_MLEXPEC(1.0),14/03/25 11:00:00,Annual,Year,Total,Less than 1 year,Estonia,2022,78.1,,
ESTAT:DEMO_MLEXPEC(1.0),14/03/25 11:00:00,Annual,Year,Total,Less than 1 year,Estonia,2023,79.1,,
ESTAT:DEMO_MLEXPEC(1.0),14/03/25 11:00:00,Annual,Year,Total,Less than 1 year,"European Economic Area (EU27 - 2007-2013 and IS, LI, NO)",2014,80.9,b,
ESTAT:DEMO_MLEXPEC(1.0),14/03/25 11:00:00,Annual,Year,Total,Less than 1 year,"European Economic Area (EU27 - 2007-2013 and IS, LI, NO)",2015,80.6,b,
ESTAT:DEMO_MLEXPEC(1.0),14/03/25 11:00:00,Annual,Year,Total,Less than 1 year,"European Economic Area (EU27 - 2007-2013 and IS, LI, NO)",2016,81.0,,
ESTAT:DEMO_MLEXPEC(1.0),14/03/25 11:00:00,Annual,Year,Total,Less than 1 year,"European Economic Area (EU27 - 2007-2013 and IS, LI, NO)",2017,81.0,b,
ESTAT:DEMO_MLEXPEC(1.0),14/03/25 11:00:00,Annual,Year,Total,Less than 1 year,"European Economic Area (EU27 - 2007-2013 and IS, LI, NO)",2018,81.1,ep,
ESTAT:DEMO_MLEXPEC(1.0),14/03/25 11:00:00,Annual,Year,Total,Less than 1 year,"European Economic Area (EU28 - 2013-2020 and IS, LI, NO)",2014,80.9,b,
ESTAT:DEMO_MLEXPEC(1.0),14/03/25 11:00:00,Annual,Year,Total,Less than 1 year,"European Economic Area (EU28 - 2013-2020 and IS, LI, NO)",2015,80.6,b,
ESTAT:DEMO_MLEXPEC(1.0),14/03/25 11:00:00,Annual,Year,Total,Less than 1 year,"European Economic Area (EU28 - 2013-2020 and IS, LI, NO)",2016,81.0,,
ESTAT:DEMO_MLEXPEC(1.0),14/03/25 11:00:00,Annual,Year,Total,Less than 1 year,"European Economic Area (EU28 - 2013-2020 and IS, LI, NO)",2017,81.0,b,
ESTAT:DEMO_MLEXPEC(1.0),14/03/25 11:00:00,Annual,Year,Total,Less than 1 year,"European Economic Area (EU28 - 2013-2020 and IS, LI, NO)",2018,81.0,ep,
ESTAT:DEMO_MLEXPEC(1.0),14/03/25 11:00:00,Annual,Year,Total,Less than 1 year,European Free Trade Association,2014,82.9,,
ESTAT:DEMO_MLEXPEC(1.0),14/03/25 11:00:00,Annual,Year,Total,Less than 1 year,European Free Trade Association,2015,82.8,,
ESTAT:DEMO_MLEXPEC(1.0),14/03/25 11:00:00,Annual,Year,Total,Less than 1 year,European Free Trade Association,2016,83.2,,
ESTAT:DEMO_MLEXPEC(1.0),14/03/25 11:00:00,Annual,Year,Total,Less than 1 year,European Free Trade Association,2017,83.3,,
ESTAT:DEMO_MLEXPEC(1.0),14/03/25 11:00:00,Annual,Year,Total,Less than 1 year,European Free Trade Association,2018,83.4,,
ESTAT:DEMO_MLEXPEC(1.0),14/03/25 11:00:00,Annual,Year,Total,Less than 1 year,European Free Trade Association,2019,83.7,,
ESTAT:DEMO_MLEXPEC(1.0),14/03/25 11:00:00,Annual,Year,Total,Less than 1 year,European Free Trade Association,2020,83.1,,
ESTAT:DEMO_MLEXPEC(1.0),14/03/25 11:00:00,Annual,Year,Total,Less than 1 year,European Free Trade Association,2021,83.6,,
ESTAT:DEMO_MLEXPEC(1.0),14/03/25 11:00:00,Annual,Year,Total,Less than 1 year,European Free Trade Association,2022,83.2,,
ESTAT:DEMO_MLEXPEC(1.0),14/03/25 11:00:00,Annual,Year,Total,Less than 1 year,European Free Trade Association,2023,83.8,,
ESTAT:DEMO_MLEXPEC(1.0),14/03/25 11:00:00,Annual,Year,Total,Less than 1 year,Greece,2014,81.5,,
ESTAT:DEMO_MLEXPEC(1.0),14/03/25 11:00:00,Annual,Year,Total,Less than 1 year,Greece,2015,81.1,,
ESTAT:DEMO_MLEXPEC(1.0),14/03/25 11:00:00,Annual,Year,Total,Less than 1 year,Greece,2016,81.5,,
ESTAT:DEMO_MLEXPEC(1.0),14/03/25 11:00:00,Annual,Year,Total,Less than 1 year,Greece,2017,81.4,,
ESTAT:DEMO_MLEXPEC(1.0),14/03/25 11:00:00,Annual,Year,Total,Less than 1 year,Greece,2018,81.9,,
ESTAT:DEMO_MLEXPEC(1.0),14/03/25 11:00:00,Annual,Year,Total,Less than 1 year,Greece,2019,81.7,,
ESTAT:DEMO_MLEXPEC(1.0),14/03/25 11:00:00,Annual,Year,Total,Less than 1 year,Greece,2020,81.4,,
ESTAT:DEMO_MLEXPEC(1.0),14/03/25 11:00:00,Annual,Year,Total,Less than 1 year,Greece,2021,80.2,,
ESTAT:DEMO_MLEXPEC(1.0),14/03/25 11:00:00,Annual,Year,Total,Less than 1 year,Greece,2022,80.8,,
ESTAT:DEMO_MLEXPEC(1.0),14/03/25 11:00:00,Annual,Year,Total,Less than 1 year,Greece,2023,81.8,,
ESTAT:DEMO_MLEXPEC(1.0),14/03/25 11:00:00,Annual,Year,Total,Less than 1 year,Spain,2014,83.3,,
ESTAT:DEMO_MLEXPEC(1.0),14/03/25 11:00:00,Annual,Year,Total,Less than 1 year,Spain,2015,83.0,,
ESTAT:DEMO_MLEXPEC(1.0),14/03/25 11:00:00,Annual,Year,Total,Less than 1 year,Spain,2016,83.5,,
ESTAT:DEMO_MLEXPEC(1.0),14/03/25 11:00:00,Annual,Year,Total,Less than 1 year,Spain,2017,83.4,,
ESTAT:DEMO_MLEXPEC(1.0),14/03/25 11:00:00,Annual,Year,Total,Less than 1 year,Spain,2018,83.5,,
ESTAT:DEMO_MLEXPEC(1.0),14/03/25 11:00:00,Annual,Year,Total,Less than 1 year,Spain,2019,84.0,,
ESTAT:DEMO_MLEXPEC(1.0),14/03/25 11:00:00,Annual,Year,Total,Less than 1 year,Spain,2020,82.3,b,
ESTAT:DEMO_MLEXPEC(1.0),14/03/25 11:00:00,Annual,Year,Total,Less than 1 year,Spain,2021,83.3,,
ESTAT:DEMO_MLEXPEC(1.0),14/03/25 11:00:00,Annual,Year,Total,Less than 1 year,Spain,2022,83.2,,
ESTAT:DEMO_MLEXPEC(1.0),14/03/25 11:00:00,Annual,Year,Total,Less than 1 year,Spain,2023,84.0,,
ESTAT:DEMO_MLEXPEC(1.0),14/03/25 11:00:00,Annual,Year,Total,Less than 1 year,European Union - 27 countries (2007-2013),2014,80.9,b,
ESTAT:DEMO_MLEXPEC(1.0),14/03/25 11:00:00,Annual,Year,Total,Less than 1 year,European Union - 27 countries (2007-2013),2015,80.6,b,
ESTAT:DEMO_MLEXPEC(1.0),14/03/25 11:00:00,Annual,Year,Total,Less than 1 year,European Union - 27 countries (2007-2013),2016,81.0,,
ESTAT:DEMO_MLEXPEC(1.0),14/03/25 11:00:00,Annual,Year,Total,Less than 1 year,European Union - 27 countries (2007-2013),2017,81.0,b,
ESTAT:DEMO_MLEXPEC(1.0),14/03/25 11:00:00,Annual,Year,Total,Less than 1 year,European Union - 27 countries (2007-2013),2018,81.0,ep,
ESTAT:DEMO_MLEXPEC(1.0),14/03/25 11:00:00,Annual,Year,Total,Less than 1 year,European Union - 27 countries (from 2020),2014,80.8,b,
ESTAT:DEMO_MLEXPEC(1.0),14/03/25 11:00:00,Annual,Year,Total,Less than 1 year,European Union - 27 countries (from 2020),2015,80.5,b,
ESTAT:DEMO_MLEXPEC(1.0),14/03/25 11:00:00,Annual,Year,Total,Less than 1 year,European Union - 27 countries (from 2020),2016,80.9,,
ESTAT:DEMO_MLEXPEC(1.0),14/03/25 11:00:00,Annual,Year,Total,Less than 1 year,European Union - 27 countries (from 2020),2017,80.9,b,
ESTAT:DEMO_MLEXPEC(1.0),14/03/25 11:00:00,Annual,Year,Total,Less than 1 year,European Union - 27 countries (from 2020),2018,81.0,ep,
ESTAT:DEMO_MLEXPEC(1.0),14/03/25 11:00:00,Annual,Year,Total,Less than 1 year,European Union - 27 countries (from 2020),2019,81.3,bep,
ESTAT:DEMO_MLEXPEC(1.0),14/03/25 11:00:00,Annual,Year,Total,Less than 1 year,European Union - 27 countries (from 2020),2020,80.4,bep,
ESTAT:DEMO_MLEXPEC(1.0),14/03/25 11:00:00,Annual,Year,Total,Less than 1 year,European Union - 27 countries (from 2020),2021,80.1,bep,
ESTAT:DEMO_MLEXPEC(1.0),14/03/25 11:00:00,Annual,Year,Total,Less than 1 year,European Union - 27 countries (from 2020),2022,80.6,bep,
ESTAT:DEMO_MLEXPEC(1.0),14/03/25 11:00:00,Annual,Year,Total,Less than 1 year,European Union - 27 countries (from 2020),2023,81.4,bep,
ESTAT:DEMO_MLEXPEC(1.0),14/03/25 11:00:00,Annual,Year,Total,Less than 1 year,European Union - 28 countries (2013-2020),2014,80.9,b,
ESTAT:DEMO_MLEXPEC(1.0),14/03/25 11:00:00,Annual,Year,Total,Less than 1 year,European Union - 28 countries (2013-2020),2015,80.6,b,
ESTAT:DEMO_MLEXPEC(1.0),14/03/25 11:00:00,Annual,Year,Total,Less than 1 year,European Union - 28 countries (2013-2020),2016,81.0,,
ESTAT:DEMO_MLEXPEC(1.0),14/03/25 11:00:00,Annual,Year,Total,Less than 1 year,European Union - 28 countries (2013-2020),2017,80.9,b,
ESTAT:DEMO_MLEXPEC(1.0),14/03/25 11:00:00,Annual,Year,Total,Less than 1 year,European Union - 28 countries (2013-2020),2018,81.0,ep,
ESTAT:DEMO_MLEXPEC(1.0),14/03/25 11:00:00,Annual,Year,Total,Less than 1 year,Finland,2014,81.3,,
ESTAT:DEMO_MLEXPEC(1.0),14/03/25 11:00:00,Annual,Year,Total,Less than 1 year,Finland,2015,81.6,,
ESTAT:DEMO_MLEXPEC(1.0),14/03/25 11:00:00,Annual,Year,Total,Less than 1 year,Finland,2016,81.5,,
ESTAT:DEMO_MLEXPEC(1.0),14/03/25 11:00:00,Annual,Year,Total,Less than 1 year,Finland,2017,81.7,,
ESTAT:DEMO_MLEXPEC(1.0),14/03/25 11:00:00,Annual,Year,Total,Less than 1 year,Finland,2018,81.8,,
ESTAT:DEMO_MLEXPEC(1.0),14/03/25 11:00:00,Annual,Year,Total,Less than 1 year,Finland,2019,82.1,,
ESTAT:DEMO_MLEXPEC(1.0),14/03/25 11:00:00,Annual,Year,Total,Less than 1 year,Finland,2020,82.0,,
ESTAT:DEMO_MLEXPEC(1.0),14/03/25 11:00:00,Annual,Year,Total,Less than 1 year,Finland,2021,81.9,,
ESTAT:DEMO_MLEXPEC(1.0),14/03/25 11:00:00,Annual,Year,Total,Less than 1 year,Finland,2022,81.2,,
ESTAT:DEMO_MLEXPEC(1.0),14/03/25 11:00:00,Annual,Year,Total,Less than 1 year,Finland,2023,81.6,,
ESTAT:DEMO_MLEXPEC(1.0),14/03/25 11:00:00,Annual,Year,Total,Less than 1 year,France,2014,82.9,b,
ESTAT:DEMO_MLEXPEC(1.0),14/03/25 11:00:00,Annual,Year,Total,Less than 1 year,France,2015,82.4,,
ESTAT:DEMO_MLEXPEC(1.0),14/03/25 11:00:00,Annual,Year,Total,Less than 1 year,France,2016,82.7,,
ESTAT:DEMO_MLEXPEC(1.0),14/03/25 11:00:00,Annual,Year,Total,Less than 1 year,France,2017,82.7,,
ESTAT:DEMO_MLEXPEC(1.0),14/03/25 11:00:00,Annual,Year,Total,Less than 1 year,France,2018,82.8,p,
ESTAT:DEMO_MLEXPEC(1.0),14/03/25 11:00:00,Annual,Year,Total,Less than 1 year,France,2019,83.0,p,
ESTAT:DEMO_MLEXPEC(1.0),14/03/25 11:00:00,Annual,Year,Total,Less than 1 year,France,2020,82.3,p,
ESTAT:DEMO_MLEXPEC(1.0),14/03/25 11:00:00,Annual,Year,Total,Less than 1 year,France,2021,82.4,p,
ESTAT:DEMO_MLEXPEC(1.0),14/03/25 11:00:00,Annual,Year,Total,Less than 1 year,France,2022,82.3,p,
ESTAT:DEMO_MLEXPEC(1.0),14/03/25 11:00:00,Annual,Year,Total,Less than 1 year,France,2023,83.0,p,
ESTAT:DEMO_MLEXPEC(1.0),14/03/25 11:00:00,Annual,Year,Total,Less than 1 year,Georgia,2014,74.1,,
ESTAT:DEMO_MLEXPEC(1.0),14/03/25 11:00:00,Annual,Year,Total,Less than 1 year,Georgia,2015,73.0,,
ESTAT:DEMO_MLEXPEC(1.0),14/03/25 11:00:00,Annual,Year,Total,Less than 1 year,Georgia,2016,72.7,,
ESTAT:DEMO_MLEXPEC(1.0),14/03/25 11:00:00,Annual,Year,Total,Less than 1 year,Georgia,2017,73.5,,
ESTAT:DEMO_MLEXPEC(1.0),14/03/25 11:00:00,Annual,Year,Total,Less than 1 year,Georgia,2018,74.0,,
ESTAT:DEMO_MLEXPEC(1.0),14/03/25 11:00:00,Annual,Year,Total,Less than 1 year,Georgia,2019,74.1,,
ESTAT:DEMO_MLEXPEC(1.0),14/03/25 11:00:00,Annual,Year,Total,Less than 1 year,Georgia,2022,73.7,,
ESTAT:DEMO_MLEXPEC(1.0),14/03/25 11:00:00,Annual,Year,Total,Less than 1 year,Georgia,2023,73.7,,
ESTAT:DEMO_MLEXPEC(1.0),14/03/25 11:00:00,Annual,Year,Total,Less than 1 year,Croatia,2014,77.9,,
ESTAT:DEMO_MLEXPEC(1.0),14/03/25 11:00:00,Annual,Year,Total,Less than 1 year,Croatia,2015,77.5,,
ESTAT:DEMO_MLEXPEC(1.0),14/03/25 11:00:00,Annual,Year,Total,Less than 1 year,Croatia,2016,78.2,,
ESTAT:DEMO_MLEXPEC(1.0),14/03/25 11:00:00,Annual,Year,Total,Less than 1 year,Croatia,2017,78.0,,
ESTAT:DEMO_MLEXPEC(1.0),14/03/25 11:00:00,Annual,Year,Total,Less than 1 year,Croatia,2018,78.2,,
ESTAT:DEMO_MLEXPEC(1.0),14/03/25 11:00:00,Annual,Year,Total,Less than 1 year,Croatia,2019,78.6,,
ESTAT:DEMO_MLEXPEC(1.0),14/03/25 11:00:00,Annual,Year,Total,Less than 1 year,Croatia,2020,77.6,,
ESTAT:DEMO_MLEXPEC(1.0),14/03/25 11:00:00,Annual,Year,Total,Less than 1 year,Croatia,2021,76.6,,
ESTAT:DEMO_MLEXPEC(1.0),14/03/25 11:00:00,Annual,Year,Total,Less than 1 year,Croatia,2022,77.7,b,
ESTAT:DEMO_MLEXPEC(1.0),14/03/25 11:00:00,Annual,Year,Total,Less than 1 year,Croatia,2023,78.6,,
ESTAT:DEMO_MLEXPEC(1.0),14/03/25 11:00:00,Annual,Year,Total,Less than 1 year,Hungary,2014,76.0,,
ESTAT:DEMO_MLEXPEC(1.0),14/03/25 11:00:00,Annual,Year,Total,Less than 1 year,Hungary,2015,75.7,,
ESTAT:DEMO_MLEXPEC(1.0),14/03/25 11:00:00,Annual,Year,Total,Less than 1 year,Hungary,2016,76.2,,
ESTAT:DEMO_MLEXPEC(1.0),14/03/25 11:00:00,Annual,Year,Total,Less than 1 year,Hungary,2017,76.0,,
ESTAT:DEMO_MLEXPEC(1.0),14/03/25 11:00:00,Annual,Year,Total,Less than 1 year,Hungary,2018,76.2,,
ESTAT:DEMO_MLEXPEC(1.0),14/03/25 11:00:00,Annual,Year,Total,Less than 1 year,Hungary,2019,76.5,,
ESTAT:DEMO_MLEXPEC(1.0),14/03/25 11:00:00,Annual,Year,Total,Less than 1 year,Hungary,2020,75.5,b,
ESTAT:DEMO_MLEXPEC(1.0),14/03/25 11:00:00,Annual,Year,Total,Less than 1 year,Hungary,2021,74.1,,
ESTAT:DEMO_MLEXPEC(1.0),14/03/25 11:00:00,Annual,Year,Total,Less than 1 year,Hungary,2022,76.0,b,
ESTAT:DEMO_MLEXPEC(1.0),14/03/25 11:00:00,Annual,Year,Total,Less than 1 year,Hungary,2023,76.7,,
ESTAT:DEMO_MLEXPEC(1.0),14/03/25 11:00:00,Annual,Year,Total,Less than 1 year,Ireland,2014,81.4,,
ESTAT:DEMO_MLEXPEC(1.0),14/03/25 11:00:00,Annual,Year,Total,Less than 1 year,Ireland,2015,81.5,,
ESTAT:DEMO_MLEXPEC(1.0),14/03/25 11:00:00,Annual,Year,Total,Less than 1 year,Ireland,2016,81.7,,
ESTAT:DEMO_MLEXPEC(1.0),14/03/25 11:00:00,Annual,Year,Total,Less than 1 year,Ireland,2017,82.2,,
ESTAT:DEMO_MLEXPEC(1.0),14/03/25 11:00:00,Annual,Year,Total,Less than 1 year,Ireland,2018,82.2,e,
ESTAT:DEMO_MLEXPEC(1.0),14/03/25 11:00:00,Annual,Year,Total,Less than 1 year,Ireland,2019,82.8,e,
ESTAT:DEMO_MLEXPEC(1.0),14/03/25 11:00:00,Annual,Year,Total,Less than 1 year,Ireland,2020,82.5,b,
ESTAT:DEMO_MLEXPEC(1.0),14/03/25 11:00:00,Annual,Year,Total,Less than 1 year,Ireland,2021,82.3,,
ESTAT:DEMO_MLEXPEC(1.0),14/03/25 11:00:00,Annual,Year,Total,Less than 1 year,Ireland,2022,82.6,,
ESTAT:DEMO_MLEXPEC(1.0),14/03/25 11:00:00,Annual,Year,Total,Less than 1 year,Ireland,2023,82.9,,
ESTAT:DEMO_MLEXPEC(1.0),14/03/25 11:00:00,Annual,Year,Total,Less than 1 year,Iceland,2014,82.9,,
ESTAT:DEMO_MLEXPEC(1.0),14/03/25 11:00:00,Annual,Year,Total,Less than 1 year,Iceland,2015,82.5,,
ESTAT:DEMO_MLEXPEC(1.0),14/03/25 11:00:00,Annual,Year,Total,Less than 1 year,Iceland,2016,82.2,,
ESTAT:DEMO_MLEXPEC(1.0),14/03/25 11:00:00,Annual,Year,Total,Less than 1 year,Iceland,2017,82.6,,
ESTAT:DEMO_MLEXPEC(1.0),14/03/25 11:00:00,Annual,Year,Total,Less than 1 year,Iceland,2018,82.9,,
ESTAT:DEMO_MLEXPEC(1.0),14/03/25 11:00:00,Annual,Year,Total,Less than 1 year,Iceland,2019,83.2,,
ESTAT:DEMO_MLEXPEC(1.0),14/03/25 11:00:00,Annual,Year,Total,Less than 1 year,Iceland,2020,83.1,,
ESTAT:DEMO_MLEXPEC(1.0),14/03/25 11:00:00,Annual,Year,Total,Less than 1 year,Iceland,2021,83.2,,
ESTAT:DEMO_MLEXPEC(1.0),14/03/25 11:00:00,Annual,Year,Total,Less than 1 year,Iceland,2022,82.1,,
ESTAT:DEMO_MLEXPEC(1.0),14/03/25 11:00:00,Annual,Year,Total,Less than 1 year,Iceland,2023,82.4,,
ESTAT:DEMO_MLEXPEC(1.0),14/03/25 11:00:00,Annual,Year,Total,Less than 1 year,Italy,2014,83.2,,
ESTAT:DEMO_MLEXPEC(1.0),14/03/25 11:00:00,Annual,Year,Total,Less than 1 year,Italy,2015,82.7,,
ESTAT:DEMO_MLEXPEC(1.0),14/03/25 11:00:00,Annual,Year,Total,Less than 1 year,Italy,2016,83.4,,
ESTAT:DEMO_MLEXPEC(1.0),14/03/25 11:00:00,Annual,Year,Total,Less than 1 year,Italy,2017,83.1,,
ESTAT:DEMO_MLEXPEC(1.0),14/03/25 11:00:00,Annual,Year,Total,Less than 1 year,Italy,2018,83.4,,
ESTAT:DEMO_MLEXPEC(1.0),14/03/25 11:00:00,Annual,Year,Total,Less than 1 year,Italy,2019,83.6,b,
ESTAT:DEMO_MLEXPEC(1.0),14/03/25 11:00:00,Annual,Year,Total,Less than 1 year,Italy,2020,82.3,,
ESTAT:DEMO_MLEXPEC(1.0),14/03/25 11:00:00,Annual,Year,Total,Less than 1 year,Italy,2021,82.7,,
ESTAT:DEMO_MLEXPEC(1.0),14/03/25 11:00:00,Annual,Year,Total,Less than 1 year,Italy,2022,82.8,,
ESTAT:DEMO_MLEXPEC(1.0),14/03/25 11:00:00,Annual,Year,Total,Less than 1 year,Italy,2023,83.5,,
ESTAT:DEMO_MLEXPEC(1.0),14/03/25 11:00:00,Annual,Year,Total,Less than 1 year,Liechtenstein,2014,82.1,,
ESTAT:DEMO_MLEXPEC(1.0),14/03/25 11:00:00,Annual,Year,Total,Less than 1 year,Liechtenstein,2015,82.7,,
ESTAT:DEMO_MLEXPEC(1.0),14/03/25 11:00:00,Annual,Year,Total,Less than 1 year,Liechtenstein,2016,82.3,,
ESTAT:DEMO_MLEXPEC(1.0),14/03/25 11:00:00,Annual,Year,Total,Less than 1 year,Liechtenstein,2017,83.7,,
ESTAT:DEMO_MLEXPEC(1.0),14/03/25 11:00:00,Annual,Year,Total,Less than 1 year,Liechtenstein,2018,83.1,,
ESTAT:DEMO_MLEXPEC(1.0),14/03/25 11:00:00,Annual,Year,Total,Less than 1 year,Liechtenstein,2019,84.3,,
ESTAT:DEMO_MLEXPEC(1.0),14/03/25 11:00:00,Annual,Year,Total,Less than 1 year,Liechtenstein,2020,81.8,,
ESTAT:DEMO_MLEXPEC(1.0),14/03/25 11:00:00,Annual,Year,Total,Less than 1 year,Liechtenstein,2021,84.4,e,
ESTAT:DEMO_MLEXPEC(1.0),14/03/25 11:00:00,Annual,Year,Total,Less than 1 year,Liechtenstein,2022,83.9,,
ESTAT:DEMO_MLEXPEC(1.0),14/03/25 11:00:00,Annual,Year,Total,Less than 1 year,Lithuania,2014,74.7,,
ESTAT:DEMO_MLEXPEC(1.0),14/03/25 11:00:00,Annual,Year,Total,Less than 1 year,Lithuania,2015,74.6,,
ESTAT:DEMO_MLEXPEC(1.0),14/03/25 11:00:00,Annual,Year,Total,Less than 1 year,Lithuania,2016,74.9,,
ESTAT:DEMO_MLEXPEC(1.0),14/03/25 11:00:00,Annual,Year,Total,Less than 1 year,Lithuania,2017,75.8,,
ESTAT:DEMO_MLEXPEC(1.0),14/03/25 11:00:00,Annual,Year,Total,Less than 1 year,Lithuania,2018,76.0,,
ESTAT:DEMO_MLEXPEC(1.0),14/03/25 11:00:00,Annual,Year,Total,Less than 1 year,Lithuania,2019,76.5,,
ESTAT:DEMO_MLEXPEC(1.0),14/03/25 11:00:00,Annual,Year,Total,Less than 1 year,Lithuania,2020,75.2,b,
ESTAT:DEMO_MLEXPEC(1.0),14/03/25 11:00:00,Annual,Year,Total,Less than 1 year,Lithuania,2021,74.2,,
ESTAT:DEMO_MLEXPEC(1.0),14/03/25 11:00:00,Annual,Year,Total,Less than 1 year,Lithuania,2022,75.8,,
ESTAT:DEMO_MLEXPEC(1.0),14/03/25 11:00:00,Annual,Year,Total,Less than 1 year,Lithuania,2023,77.6,,
ESTAT:DEMO_MLEXPEC(1.0),14/03/25 11:00:00,Annual,Year,Total,Less than 1 year,Luxembourg,2014,82.3,,
ESTAT:DEMO_MLEXPEC(1.0),14/03/25 11:00:00,Annual,Year,Total,Less than 1 year,Luxembourg,2015,82.4,,
ESTAT:DEMO_MLEXPEC(1.0),14/03/25 11:00:00,Annual,Year,Total,Less than 1 year,Luxembourg,2016,82.7,,
ESTAT:DEMO_MLEXPEC(1.0),14/03/25 11:00:00,Annual,Year,Total,Less than 1 year,Luxembourg,2017,82.1,b,
ESTAT:DEMO_MLEXPEC(1.0),14/03/25 11:00:00,Annual,Year,Total,Less than 1 year,Luxembourg,2018,82.3,,
ESTAT:DEMO_MLEXPEC(1.0),14/03/25 11:00:00,Annual,Year,Total,Less than 1 year,Luxembourg,2019,82.7,,
ESTAT:DEMO_MLEXPEC(1.0),14/03/25 11:00:00,Annual,Year,Total,Less than 1 year,Luxembourg,2020,82.2,,
ESTAT:DEMO_MLEXPEC(1.0),14/03/25 11:00:00,Annual,Year,Total,Less than 1 year,Luxembourg,2021,82.7,,
ESTAT:DEMO_MLEXPEC(1.0),14/03/25 11:00:00,Annual,Year,Total,Less than 1 year,Luxembourg,2022,83.0,,
ESTAT:DEMO_MLEXPEC(1.0),14/03/25 11:00:00,Annual,Year,Total,Less than 1 year,Luxembourg,2023,83.4,,
ESTAT:DEMO_MLEXPEC(1.0),14/03/25 11:00:00,Annual,Year,Total,Less than 1 year,Latvia,2014,74.5,,
ESTAT:DEMO_MLEXPEC(1.0),14/03/25 11:00:00,Annual,Year,Total,Less than 1 year,Latvia,2015,74.8,,
ESTAT:DEMO_MLEXPEC(1.0),14/03/25 11:00:00,Annual,Year,Total,Less than 1 year,Latvia,2016,74.9,,
ESTAT:DEMO_MLEXPEC(1.0),14/03/25 11:00:00,Annual,Year,Total,Less than 1 year,Latvia,2017,74.9,,
ESTAT:DEMO_MLEXPEC(1.0),14/03/25 11:00:00,Annual,Year,Total,Less than 1 year,Latvia,2018,75.1,,
ESTAT:DEMO_MLEXPEC(1.0),14/03/25 11:00:00,Annual,Year,Total,Less than 1 year,Latvia,2019,75.7,,
ESTAT:DEMO_MLEXPEC(1.0),14/03/25 11:00:00,Annual,Year,Total,Less than 1 year,Latvia,2020,75.5,,
ESTAT:DEMO_MLEXPEC(1.0),14/03/25 11:00:00,Annual,Year,Total,Less than 1 year,Latvia,2021,73.1,,
ESTAT:DEMO_MLEXPEC(1.0),14/03/25 11:00:00,Annual,Year,Total,Less than 1 year,Latvia,2022,74.5,,
ESTAT:DEMO_MLEXPEC(1.0),14/03/25 11:00:00,Annual,Year,Total,Less than 1 year,Latvia,2023,75.6,,
ESTAT:DEMO_MLEXPEC(1.0),14/03/25 11:00:00,Annual,Year,Total,Less than 1 year,Moldova,2023,71.9,ep,
ESTAT:DEMO_MLEXPEC(1.0),14/03/25 11:00:00,Annual,Year,Total,Less than 1 year,Montenegro,2014,76.5,,
ESTAT:DEMO_MLEXPEC(1.0),14/03/25 11:00:00,Annual,Year,Total,Less than 1 year,Montenegro,2015,76.5,,
ESTAT:DEMO_MLEXPEC(1.0),14/03/25 11:00:00,Annual,Year,Total,Less than 1 year,Montenegro,2016,76.5,,
ESTAT:DEMO_MLEXPEC(1.0),14/03/25 11:00:00,Annual,Year,Total,Less than 1 year,Montenegro,2017,76.6,,
ESTAT:DEMO_MLEXPEC(1.0),14/03/25 11:00:00,Annual,Year,Total,Less than 1 year,Montenegro,2018,76.9,,
ESTAT:DEMO_MLEXPEC(1.0),14/03/25 11:00:00,Annual,Year,Total,Less than 1 year,Montenegro,2019,76.7,,
ESTAT:DEMO_MLEXPEC(1.0),14/03/25 11:00:00,Annual,Year,Total,Less than 1 year,Montenegro,2020,75.9,,
ESTAT:DEMO_MLEXPEC(1.0),14/03/25 11:00:00,Annual,Year,Total,Less than 1 year,Montenegro,2021,73.8,,
ESTAT:DEMO_MLEXPEC(1.0),14/03/25 11:00:00,Annual,Year,Total,Less than 1 year,Montenegro,2023,77.6,,
ESTAT:DEMO_MLEXPEC(1.0),14/03/25 11:00:00,Annual,Year,Total,Less than 1 year,North Macedonia,2014,75.5,,
ESTAT:DEMO_MLEXPEC(1.0),14/03/25 11:00:00,Annual,Year,Total,Less than 1 year,North Macedonia,2015,75.5,,
ESTAT:DEMO_MLEXPEC(1.0),14/03/25 11:00:00,Annual,Year,Total,Less than 1 year,North Macedonia,2016,75.4,,
ESTAT:DEMO_MLEXPEC(1.0),14/03/25 11:00:00,Annual,Year,Total,Less than 1 year,North Macedonia,2017,76.0,,
ESTAT:DEMO_MLEXPEC(1.0),14/03/25 11:00:00,Annual,Year,Total,Less than 1 year,North Macedonia,2018,76.7,,
ESTAT:DEMO_MLEXPEC(1.0),14/03/25 11:00:00,Annual,Year,Total,Less than 1 year,North Macedonia,2019,76.6,,
ESTAT:DEMO_MLEXPEC(1.0),14/03/25 11:00:00,Annual,Year,Total,Less than 1 year,North Macedonia,2020,74.4,,
ESTAT:DEMO_MLEXPEC(1.0),14/03/25 11:00:00,Annual,Year,Total,Less than 1 year,North Macedonia,2021,73.2,b,
ESTAT:DEMO_MLEXPEC(1.0),14/03/25 11:00:00,Annual,Year,Total,Less than 1 year,Malta,2014,82.1,,
ESTAT:DEMO_MLEXPEC(1.0),14/03/25 11:00:00,Annual,Year,Total,Less than 1 year,Malta,2015,82.0,,
ESTAT:DEMO_MLEXPEC(1.0),14/03/25 11:00:00,Annual,Year,Total,Less than 1 year,Malta,2016,82.6,,
ESTAT:DEMO_MLEXPEC(1.0),14/03/25 11:00:00,Annual,Year,Total,Less than 1 year,Malta,2017,82.4,,
ESTAT:DEMO_MLEXPEC(1.0),14/03/25 11:00:00,Annual,Year,Total,Less than 1 year,Malta,2018,82.3,,
ESTAT:DEMO_MLEXPEC(1.0),14/03/25 11:00:00,Annual,Year,Total,Less than 1 year,Malta,2019,82.7,,
ESTAT:DEMO_MLEXPEC(1.0),14/03/25 11:00:00,Annual,Year,Total,Less than 1 year,Malta,2020,82.1,,
ESTAT:DEMO_MLEXPEC(1.0),14/03/25 11:00:00,Annual,Year,Total,Less than 1 year,Malta,2021,82.3,,
ESTAT:DEMO_MLEXPEC(1.0),14/03/25 11:00:00,Annual,Year,Total,Less than 1 year,Malta,2022,82.4,p,
ESTAT:DEMO_MLEXPEC(1.0),14/03/25 11:00:00,Annual,Year,Total,Less than 1 year,Malta,2023,83.4,,
ESTAT:DEMO_MLEXPEC(1.0),14/03/25 11:00:00,Annual,Year,Total,Less than 1 year,Netherlands,2014,81.8,,
ESTAT:DEMO_MLEXPEC(1.0),14/03/25 11:00:00,Annual,Year,Total,Less than 1 year,Netherlands,2015,81.6,,
ESTAT:DEMO_MLEXPEC(1.0),14/03/25 11:00:00,Annual,Year,Total,Less than 1 year,Netherlands,2016,81.7,,
ESTAT:DEMO_MLEXPEC(1.0),14/03/25 11:00:00,Annual,Year,Total,Less than 1 year,Netherlands,2017,81.8,,
ESTAT:DEMO_MLEXPEC(1.0),14/03/25 11:00:00,Annual,Year,Total,Less than 1 year,Netherlands,2018,81.9,,
ESTAT:DEMO_MLEXPEC(1.0),14/03/25 11:00:00,Annual,Year,Total,Less than 1 year,Netherlands,2019,82.2,,
ESTAT:DEMO_MLEXPEC(1.0),14/03/25 11:00:00,Annual,Year,Total,Less than 1 year,Netherlands,2020,81.4,,
ESTAT:DEMO_MLEXPEC(1.0),14/03/25 11:00:00,Annual,Year,Total,Less than 1 year,Netherlands,2021,81.4,,
ESTAT:DEMO_MLEXPEC(1.0),14/03/25 11:00:00,Annual,Year,Total,Less than 1 year,Netherlands,2022,81.7,,
ESTAT:DEMO_MLEXPEC(1.0),14/03/25 11:00:00,Annual,Year,Total,Less than 1 year,Netherlands,2023,81.9,,
ESTAT:DEMO_MLEXPEC(1.0),14/03/25 11:00:00,Annual,Year,Total,Less than 1 year,Norway,2014,82.2,,
ESTAT:DEMO_MLEXPEC(1.0),14/03/25 11:00:00,Annual,Year,Total,Less than 1 year,Norway,2015,82.4,,
ESTAT:DEMO_MLEXPEC(1.0),14/03/25 11:00:00,Annual,Year,Total,Less than 1 year,Norway,2016,82.5,,
ESTAT:DEMO_MLEXPEC(1.0),14/03/25 11:00:00,Annual,Year,Total,Less than 1 year,Norway,2017,82.7,,
ESTAT:DEMO_MLEXPEC(1.0),14/03/25 11:00:00,Annual,Year,Total,Less than 1 year,Norway,2018,82.8,,
ESTAT:DEMO_MLEXPEC(1.0),14/03/25 11:00:00,Annual,Year,Total,Less than 1 year,Norway,2019,83.0,,
ESTAT:DEMO_MLEXPEC(1.0),14/03/25 11:00:00,Annual,Year,Total,Less than 1 year,Norway,2020,83.3,,
ESTAT:DEMO_MLEXPEC(1.0),14/03/25 11:00:00,Annual,Year,Total,Less than 1 year,Norway,2021,83.2,,
ESTAT:DEMO_MLEXPEC(1.0),14/03/25 11:00:00,Annual,Year,Total,Less than 1 year,Norway,2022,82.5,,
ESTAT:DEMO_MLEXPEC(1.0),14/03/25 11:00:00,Annual,Year,Total,Less than 1 year,Norway,2023,83.1,,
ESTAT:DEMO_MLEXPEC(1.0),14/03/25 11:00:00,Annual,Year,Total,Less than 1 year,Poland,2014,77.8,,
ESTAT:DEMO_MLEXPEC(1.0),14/03/25 11:00:00,Annual,Year,Total,Less than 1 year,Poland,2015,77.5,,
ESTAT:DEMO_MLEXPEC(1.0),14/03/25 11:00:00,Annual,Year,Total,Less than 1 year,Poland,2016,78.0,,
ESTAT:DEMO_MLEXPEC(1.0),14/03/25 11:00:00,Annual,Year,Total,Less than 1 year,Poland,2017,77.8,,
ESTAT:DEMO_MLEXPEC(1.0),14/03/25 11:00:00,Annual,Year,Total,Less than 1 year,Poland,2018,77.7,,
ESTAT:DEMO_MLEXPEC(1.0),14/03/25 11:00:00,Annual,Year,Total,Less than 1 year,Poland,2019,78.0,,
ESTAT:DEMO_MLEXPEC(1.0),14/03/25 11:00:00,Annual,Year,Total,Less than 1 year,Poland,2020,76.4,bep,
ESTAT:DEMO_MLEXPEC(1.0),14/03/25 11:00:00,Annual,Year,Total,Less than 1 year,Poland,2021,75.4,bep,
ESTAT:DEMO_MLEXPEC(1.0),14/03/25 11:00:00,Annual,Year,Total,Less than 1 year,Poland,2022,77.2,b,
ESTAT:DEMO_MLEXPEC(1.0),14/03/25 11:00:00,Annual,Year,Total,Less than 1 year,Poland,2023,78.4,ep,
ESTAT:DEMO_MLEXPEC(1.0),14/03/25 11:00:00,Annual,Year,Total,Less than 1 year,Portugal,2014,81.3,,
ESTAT:DEMO_MLEXPEC(1.0),14/03/25 11:00:00,Annual,Year,Total,Less than 1 year,Portugal,2015,81.3,,
ESTAT:DEMO_MLEXPEC(1.0),14/03/25 11:00:00,Annual,Year,Total,Less than 1 year,Portugal,2016,81.3,,
ESTAT:DEMO_MLEXPEC(1.0),14/03/25 11:00:00,Annual,Year,Total,Less than 1 year,Portugal,2017,81.6,,
ESTAT:DEMO_MLEXPEC(1.0),14/03/25 11:00:00,Annual,Year,Total,Less than 1 year,Portugal,2018,81.5,,
ESTAT:DEMO_MLEXPEC(1.0),14/03/25 11:00:00,Annual,Year,Total,Less than 1 year,Portugal,2019,81.9,,
ESTAT:DEMO_MLEXPEC(1.0),14/03/25 11:00:00,Annual,Year,Total,Less than 1 year,Portugal,2020,81.5,b,
ESTAT:DEMO_MLEXPEC(1.0),14/03/25 11:00:00,Annual,Year,Total,Less than 1 year,Portugal,2021,81.5,,
ESTAT:DEMO_MLEXPEC(1.0),14/03/25 11:00:00,Annual,Year,Total,Less than 1 year,Portugal,2022,81.8,bp,
ESTAT:DEMO_MLEXPEC(1.0),14/03/25 11:00:00,Annual,Year,Total,Less than 1 year,Portugal,2023,82.5,,
ESTAT:DEMO_MLEXPEC(1.0),14/03/25 11:00:00,Annual,Year,Total,Less than 1 year,Romania,2014,75.0,,
ESTAT:DEMO_MLEXPEC(1.0),14/03/25 11:00:00,Annual,Year,Total,Less than 1 year,Romania,2015,74.9,,
ESTAT:DEMO_MLEXPEC(1.0),14/03/25 11:00:00,Annual,Year,Total,Less than 1 year,Romania,2016,75.2,,
ESTAT:DEMO_MLEXPEC(1.0),14/03/25 11:00:00,Annual,Year,Total,Less than 1 year,Romania,2017,75.2,,
ESTAT:DEMO_MLEXPEC(1.0),14/03/25 11:00:00,Annual,Year,Total,Less than 1 year,Romania,2018,75.3,,
ESTAT:DEMO_MLEXPEC(1.0),14/03/25 11:00:00,Annual,Year,Total,Less than 1 year,Romania,2019,75.6,e,
ESTAT:DEMO_MLEXPEC(1.0),14/03/25 11:00:00,Annual,Year,Total,Less than 1 year,Romania,2020,74.2,e,
ESTAT:DEMO_MLEXPEC(1.0),14/03/25 11:00:00,Annual,Year,Total,Less than 1 year,Romania,2021,72.8,e,
ESTAT:DEMO_MLEXPEC(1.0),14/03/25 11:00:00,Annual,Year,Total,Less than 1 year,Romania,2022,75.1,e,
ESTAT:DEMO_MLEXPEC(1.0),14/03/25 11:00:00,Annual,Year,Total,Less than 1 year,Romania,2023,76.4,e,
ESTAT:DEMO_MLEXPEC(1.0),14/03/25 11:00:00,Annual,Year,Total,Less than 1 year,Serbia,2014,75.4,,
ESTAT:DEMO_MLEXPEC(1.0),14/03/25 11:00:00,Annual,Year,Total,Less than 1 year,Serbia,2015,75.3,,
ESTAT:DEMO_MLEXPEC(1.0),14/03/25 11:00:00,Annual,Year,Total,Less than 1 year,Serbia,2016,75.7,,
ESTAT:DEMO_MLEXPEC(1.0),14/03/25 11:00:00,Annual,Year,Total,Less than 1 year,Serbia,2017,75.6,,
ESTAT:DEMO_MLEXPEC(1.0),14/03/25 11:00:00,Annual,Year,Total,Less than 1 year,Serbia,2018,75.9,,
ESTAT:DEMO_MLEXPEC(1.0),14/03/25 11:00:00,Annual,Year,Total,Less than 1 year,Serbia,2019,76.0,,
ESTAT:DEMO_MLEXPEC(1.0),14/03/25 11:00:00,Annual,Year,Total,Less than 1 year,Serbia,2020,74.5,,
ESTAT:DEMO_MLEXPEC(1.0),14/03/25 11:00:00,Annual,Year,Total,Less than 1 year,Serbia,2021,72.8,,
ESTAT:DEMO_MLEXPEC(1.0),14/03/25 11:00:00,Annual,Year,Total,Less than 1 year,Serbia,2022,75.2,b,
ESTAT:DEMO_MLEXPEC(1.0),14/03/25 11:00:00,Annual,Year,Total,Less than 1 year,Serbia,2023,76.2,b,
ESTAT:DEMO_MLEXPEC(1.0),14/03/25 11:00:00,Annual,Year,Total,Less than 1 year,Sweden,2014,82.3,,
ESTAT:DEMO_MLEXPEC(1.0),14/03/25 11:00:00,Annual,Year,Total,Less than 1 year,Sweden,2015,82.2,,
ESTAT:DEMO_MLEXPEC(1.0),14/03/25 11:00:00,Annual,Year,Total,Less than 1 year,Sweden,2016,82.4,,
ESTAT:DEMO_MLEXPEC(1.0),14/03/25 11:00:00,Annual,Year,Total,Less than 1 year,Sweden,2017,82.5,,
ESTAT:DEMO_MLEXPEC(1.0),14/03/25 11:00:00,Annual,Year,Total,Less than 1 year,Sweden,2018,82.6,,
ESTAT:DEMO_MLEXPEC(1.0),14/03/25 11:00:00,Annual,Year,Total,Less than 1 year,Sweden,2019,83.2,,
ESTAT:DEMO_MLEXPEC(1.0),14/03/25 11:00:00,Annual,Year,Total,Less than 1 year,Sweden,2020,82.4,,
ESTAT:DEMO_MLEXPEC(1.0),14/03/25 11:00:00,Annual,Year,Total,Less than 1 year,Sweden,2021,83.1,,
ESTAT:DEMO_MLEXPEC(1.0),14/03/25 11:00:00,Annual,Year,Total,Less than 1 year,Sweden,2022,83.1,,
ESTAT:DEMO_MLEXPEC(1.0),14/03/25 11:00:00,Annual,Year,Total,Less than 1 year,Sweden,2023,83.4,,
ESTAT:DEMO_MLEXPEC(1.0),14/03/25 11:00:00,Annual,Year,Total,Less than 1 year,Slovenia,2014,81.2,,
ESTAT:DEMO_MLEXPEC(1.0),14/03/25 11:00:00,Annual,Year,Total,Less than 1 year,Slovenia,2015,80.9,,
ESTAT:DEMO_MLEXPEC(1.0),14/03/25 11:00:00,Annual,Year,Total,Less than 1 year,Slovenia,2016,81.2,,
ESTAT:DEMO_MLEXPEC(1.0),14/03/25 11:00:00,Annual,Year,Total,Less than 1 year,Slovenia,2017,81.2,,
ESTAT:DEMO_MLEXPEC(1.0),14/03/25 11:00:00,Annual,Year,Total,Less than 1 year,Slovenia,2018,81.5,,
ESTAT:DEMO_MLEXPEC(1.0),14/03/25 11:00:00,Annual,Year,Total,Less than 1 year,Slovenia,2019,81.6,,
ESTAT:DEMO_MLEXPEC(1.0),14/03/25 11:00:00,Annual,Year,Total,Less than 1 year,Slovenia,2020,80.6,,
ESTAT:DEMO_MLEXPEC(1.0),14/03/25 11:00:00,Annual,Year,Total,Less than 1 year,Slovenia,2021,80.7,,
ESTAT:DEMO_MLEXPEC(1.0),14/03/25 11:00:00,Annual,Year,Total,Less than 1 year,Slovenia,2022,81.3,,
ESTAT:DEMO_MLEXPEC(1.0),14/03/25 11:00:00,Annual,Year,Total,Less than 1 year,Slovenia,2023,82.0,,
ESTAT:DEMO_MLEXPEC(1.0),14/03/25 11:00:00,Annual,Year,Total,Less than 1 year,Slovakia,2014,77.0,,
ESTAT:DEMO_MLEXPEC(1.0),14/03/25 11:00:00,Annual,Year,Total,Less than 1 year,Slovakia,2015,76.7,,
ESTAT:DEMO_MLEXPEC(1.0),14/03/25 11:00:00,Annual,Year,Total,Less than 1 year,Slovakia,2016,77.3,,
ESTAT:DEMO_MLEXPEC(1.0),14/03/25 11:00:00,Annual,Year,Total,Less than 1 year,Slovakia,2017,77.3,,
ESTAT:DEMO_MLEXPEC(1.0),14/03/25 11:00:00,Annual,Year,Total,Less than 1 year,Slovakia,2018,77.4,,
ESTAT:DEMO_MLEXPEC(1.0),14/03/25 11:00:00,Annual,Year,Total,Less than 1 year,Slovakia,2019,77.8,,
ESTAT:DEMO_MLEXPEC(1.0),14/03/25 11:00:00,Annual,Year,Total,Less than 1 year,Slovakia,2020,77.0,,
ESTAT:DEMO_MLEXPEC(1.0),14/03/25 11:00:00,Annual,Year,Total,Less than 1 year,Slovakia,2021,74.6,,
ESTAT:DEMO_MLEXPEC(1.0),14/03/25 11:00:00,Annual,Year,Total,Less than 1 year,Slovakia,2022,77.0,,
ESTAT:DEMO_MLEXPEC(1.0),14/03/25 11:00:00,Annual,Year,Total,Less than 1 year,Slovakia,2023,78.2,,
ESTAT:DEMO_MLEXPEC(1.0),14/03/25 11:00:00,Annual,Year,Total,Less than 1 year,Türkiye,2014,78.1,,
ESTAT:DEMO_MLEXPEC(1.0),14/03/25 11:00:00,Annual,Year,Total,Less than 1 year,Türkiye,2015,78.2,,
ESTAT:DEMO_MLEXPEC(1.0),14/03/25 11:00:00,Annual,Year,Total,Less than 1 year,Türkiye,2016,78.1,,
ESTAT:DEMO_MLEXPEC(1.0),14/03/25 11:00:00,Annual,Year,Total,Less than 1 year,Türkiye,2017,78.5,,
ESTAT:DEMO_MLEXPEC(1.0),14/03/25 11:00:00,Annual,Year,Total,Less than 1 year,Türkiye,2018,78.9,,
ESTAT:DEMO_MLEXPEC(1.0),14/03/25 11:00:00,Annual,Year,Total,Less than 1 year,Türkiye,2019,79.1,,
ESTAT:DEMO_MLEXPEC(1.0),14/03/25 11:00:00,Annual,Year,Total,Less than 1 year,Türkiye,2022,76.3,,
ESTAT:DEMO_MLEXPEC(1.0),14/03/25 11:00:00,Annual,Year,Total,Less than 1 year,Türkiye,2023,77.3,,
ESTAT:DEMO_MLEXPEC(1.0),14/03/25 11:00:00,Annual,Year,Total,Less than 1 year,Ukraine,2014,71.8,,
ESTAT:DEMO_MLEXPEC(1.0),14/03/25 11:00:00,Annual,Year,Total,Less than 1 year,Ukraine,2015,72.5,,
ESTAT:DEMO_MLEXPEC(1.0),14/03/25 11:00:00,Annual,Year,Total,Less than 1 year,Ukraine,2016,72.9,,
ESTAT:DEMO_MLEXPEC(1.0),14/03/25 11:00:00,Annual,Year,Total,Less than 1 year,Ukraine,2017,73.3,,
ESTAT:DEMO_MLEXPEC(1.0),14/03/25 11:00:00,Annual,Year,Total,Less than 1 year,Ukraine,2018,73.2,,
ESTAT:DEMO_MLEXPEC(1.0),14/03/25 11:00:00,Annual,Year,Total,Less than 1 year,Ukraine,2019,73.4,,
ESTAT:DEMO_MLEXPEC(1.0),14/03/25 11:00:00,Annual,Year,Total,Less than 1 year,United Kingdom,2014,81.4,,
ESTAT:DEMO_MLEXPEC(1.0),14/03/25 11:00:00,Annual,Year,Total,Less than 1 year,United Kingdom,2015,81.0,,
ESTAT:DEMO_MLEXPEC(1.0),14/03/25 11:00:00,Annual,Year,Total,Less than 1 year,United Kingdom,2016,81.2,,
ESTAT:DEMO_MLEXPEC(1.0),14/03/25 11:00:00,Annual,Year,Total,Less than 1 year,United Kingdom,2017,81.3,,
ESTAT:DEMO_MLEXPEC(1.0),14/03/25 11:00:00,Annual,Year,Total,Less than 1 year,United Kingdom,2018,81.3,,
ESTAT:DEMO_MLEXPEC(1.0),14/03/25 11:00:00,Annual,Year,Total,Less than 1 year,Kosovo*,2016,78.6,p,
